,skill_consistency,skill_audacity,skill_unpredictability,skill_clutch,skill_chase_iq,skill_pace_killer,skill_spin_killer,skill_hard_hitting
A Ashish Reddy,0.9693399533791784,0.22704081632653061,2.002744684803954,148.8372093023256,140.74074074074073,149.27536231884056,126.41509433962264,10.918367346938776
A Badoni,0.8779733301930424,0.22027027027027027,1.962945436121264,162.22222222222223,119.92337164750957,135.23206751054852,121.0762331838565,9.08108108108108
A Chandila,0.0,0.0,0.0,57.14285714285714,0.0,57.14285714285714,0.0,0.0
A Chopra,0.7575861989978281,0.10666666666666667,1.4151714949279801,0.0,66.66666666666666,81.3953488372093,68.42105263157895,0.0
A Choudhary,0.0,0.125,1.5166422780956523,126.3157894736842,125.0,127.77777777777777,100.0,7.000000000000001
A Dananjaya,0.0,0.0,0.0,80.0,0.0,80.0,0.0,0.0
A Flintoff,0.0,0.14035087719298245,1.8032292162514811,157.14285714285714,93.02325581395348,127.58620689655173,88.46153846153845,7.017543859649122
A Kamboj,0.854757143479521,0.13333333333333333,1.7967916319816364,107.6923076923077,200.0,157.14285714285714,50.0,0.0
A Kumble,0.6607539570972313,0.061224489795918366,1.3895536523228575,70.73170731707317,72.72727272727273,88.46153846153845,55.55555555555556,0.0
A Manohar,0.702596765220117,0.23251028806584362,1.7913882689462324,170.58823529411765,90.32258064516128,137.79527559055117,97.0873786407767,9.547325102880658
A Mhatre,1.017823021538266,1.183206106870229,2.043360075758657,0.0,188.0,143.75,130.43478260869566,17.86259541984733
A Mishra,0.6454718247600666,0.125,1.6032720053414404,107.23981900452489,89.39393939393939,91.78082191780823,80.55555555555556,3.954545454545455
A Mithun,0.8582467742085675,0.21153846153846154,1.9291417256406969,118.18181818181819,123.80952380952381,115.38461538461537,146.15384615384613,10.0
A Mukund,0.0,0.043478260869565216,1.5416892248400094,0.0,0.0,81.25,125.0,0.0
A Nehra,0.28527813079841613,0.07142857142857142,1.3781794805032725,60.0,79.54545454545455,53.191489361702125,140.0,3.492063492063492
A Nortje,0.5277005750667548,0.13725490196078433,1.6902087135410875,104.54545454545455,86.48648648648648,102.77777777777777,75.0,0.0
A Raghuvanshi,1.1128906424458458,0.24079754601226994,1.8906016701078492,148.57142857142858,127.27272727272727,148.38709677419354,125.19685039370079,10.552147239263803
A Singh,0.42922560713564767,0.0,0.7219280948873623,25.0,16.666666666666664,33.33333333333333,0.0,0.0
A Symonds,0.9871851889744796,0.2176696542893726,1.9456731708270532,155.19480519480518,113.91585760517799,122.61580381471389,123.9193083573487,9.039692701664533
A Tomar,0.0,0.125,0.0,0.0,50.0,50.0,0.0,0.0
A Uniyal,0.0,0.0,0.0,57.14285714285714,0.0,75.0,33.33333333333333,0.0
A Zampa,0.6765355977452703,0.04,1.1974776241409462,83.33333333333334,50.0,83.33333333333334,56.25,0.0
AA Bilakhia,0.9082006155331558,0.056818181818181816,1.606608487255468,121.42857142857142,85.1063829787234,87.8048780487805,55.26315789473685,0.0
AA Chavan,0.0,0.18181818181818182,1.4949188482339508,137.5,200.0,137.5,33.33333333333333,0.0
AA Jhunjhunwala,0.7765274670428296,0.12614678899082568,1.7590705235490713,132.5,89.28571428571429,97.67441860465115,112.5,5.779816513761468
AA Kulkarni,0.0,0.375,0.0,0.0,112.5,80.0,0.0,0.0
AA Noffke,0.0,0.08333333333333333,1.3250112108241772,0.0,75.0,75.0,0.0,0.0
AB Agarkar,0.8654438979115388,0.134375,1.8271772996274833,129.76190476190476,100.0,143.1578947368421,58.536585365853654,6.375
AB Barath,0.0,0.1744186046511628,1.635099522300614,40.0,97.67441860465115,94.73684210526315,100.0,6.976744186046512
AB Dinda,0.4826628186119808,0.04,1.2522544773348618,47.368421052631575,67.85714285714286,40.0,68.42105263157895,0.0
AB McDonald,0.8995584752895863,0.2669902912621359,1.9199255049159778,120.0,106.5217391304348,138.70967741935485,66.66666666666666,7.3786407766990285
AB de Villiers,0.8904580022874975,0.33338112991109836,2.0153382527934602,223.7795275590551,134.88529014844804,161.84759916492692,130.18050541516246,12.004588471465444
AC Blizzard,0.7215705436370907,0.6428571428571429,1.740720637844573,0.0,126.22950819672131,165.11627906976744,94.73684210526315,11.428571428571429
AC Gilchrist,0.8598866426298091,0.36463022508038584,1.8919326236213136,208.0,142.17171717171718,138.25363825363826,116.8724279835391,12.064308681672026
AC Thomas,0.0,0.13157894736842105,1.7216117239699014,105.55555555555556,117.64705882352942,100.0,140.0,7.368421052631578
AC Voges,1.2733801422666562,0.14335664335664336,1.9682149362634942,150.0,97.72727272727273,134.52380952380955,121.81818181818183,6.293706293706294
AD Hales,1.0174357090878348,0.2184873949579832,1.887181775116198,0.0,145.45454545454547,148.64864864864865,84.44444444444444,9.411764705882353
AD Mascarenhas,0.7793297861281424,0.08227848101265822,1.7399159388202543,106.66666666666667,109.375,100.0,111.11111111111111,3.79746835443038
AD Mathews,0.8943013888481806,0.167779632721202,1.8712707505425643,144.39461883408072,114.59854014598541,117.98780487804879,124.12280701754386,7.779632721202004
AD Nath,0.8066666666666666,0.10101010101010101,1.646814821502136,88.88888888888889,77.41935483870968,90.74074074074075,93.18181818181817,4.8484848484848495
AD Russell,0.8705480681111859,0.6740467404674046,1.9626924217695252,187.43801652892563,159.8302687411598,170.7269155206287,144.76190476190476,18.31488314883149
AF Milne,0.45709998961311477,0.04838709677419355,1.4474519468397147,78.94736842105263,75.86206896551724,82.6086956521739,50.0,1.9354838709677418
AG Murtaza,0.0,0.07142857142857142,1.2958363892911637,71.42857142857143,88.88888888888889,50.0,100.0,0.0
AG Paunikar,0.8976458051951177,0.16393442622950818,1.3615851700989021,0.0,92.5925925925926,62.0,163.63636363636365,0.0
AJ Finch,0.8350615691346622,0.24528301886792453,1.8973520017955767,156.15384615384616,126.21483375959079,117.41935483870967,137.05882352941177,9.64622641509434
AJ Hosein,0.0,0.22727272727272727,2.004886164091843,145.45454545454547,0.0,145.45454545454547,0.0,12.727272727272728
AJ Turner,0.43108548680366965,0.0967741935483871,1.2604408810349512,26.666666666666668,80.0,35.294117647058826,50.0,3.8709677419354835
AJ Tye,0.6098206777409113,0.189873417721519,1.9130545123702816,103.84615384615385,135.8974358974359,109.375,140.0,9.367088607594937
AK Markram,1.0069113778033136,0.22278133577310155,1.8801642991481247,173.52941176470588,132.68858800773694,133.45388788426763,124.17840375586854,9.277218664226899
AL Menaria,0.9473289086033597,0.1539509536784741,1.7826391366228744,121.53846153846153,116.15384615384616,112.22222222222223,107.6923076923077,7.520435967302452
AM Nayar,0.7890454856673603,0.17687074829931973,1.8670072457374267,158.86524822695037,112.5,117.48251748251748,96.0,7.142857142857142
AM Rahane,0.9048122647896115,0.22429228163561576,1.8803673661856621,160.16597510373444,118.71945259042033,126.98548249359523,114.70785762256548,7.96031938059521
AN Ahmed,0.8429920118560761,0.2962962962962963,1.9841973056014781,133.33333333333331,128.0,229.99999999999997,81.25,9.62962962962963
AN Ghosh,0.0,0.125,0.0,0.0,0.0,87.5,0.0,0.0
AP Dole,0.0,0.1956521739130435,2.071111001423678,160.0,157.89473684210526,200.0,120.0,9.565217391304348
AP Majumdar,0.0,0.14285714285714285,1.8203720904968714,0.0,100.0,106.25,116.66666666666667,6.233766233766234
AP Tare,0.7632675281345582,0.23859649122807017,1.8701157040365104,161.9047619047619,129.0909090909091,119.90521327014218,101.81818181818181,9.473684210526317
AR Bawne,0.0,0.08333333333333333,1.6258145836939115,100.0,0.0,125.0,50.0,0.0
AR Patel,0.8589764550693223,0.21255876427132303,1.8677585973081847,149.52561669829223,132.53182461103253,126.33540372670808,129.80599647266314,9.805238415043654
AS Joseph,0.654775327262907,0.09375,1.5997301466508205,72.72727272727273,84.61538461538461,83.87096774193549,100.0,0.0
AS Rajpoot,0.851967704352146,0.08536585365853659,1.3672777727330283,71.42857142857143,76.0,51.515151515151516,112.5,4.390243902439024
AS Raut,0.745370389678438,0.1511627906976744,1.8487846275841113,132.0987654320988,117.34693877551021,130.0970873786408,90.9090909090909,7.093023255813953
AS Roy,0.5288075406323666,0.16,1.7813152774012364,129.41176470588235,57.14285714285714,76.47058823529412,80.0,0.0
AS Yadav,0.9319882929174507,0.225,1.8525779239815465,130.0,75.0,144.0,86.66666666666667,10.0
AT Carey,0.0,0.05172413793103448,1.6575415498471102,110.71428571428572,57.14285714285714,107.14285714285714,200.0,2.0689655172413794
AT Rayudu,0.8809731674708872,0.2183381088825215,1.8374200584218499,163.92523364485982,120.20753686510103,130.08948545861298,118.09324982602645,9.07163323782235
AU Rashid,0.0,0.20588235294117646,1.96981578242681,133.33333333333331,128.57142857142858,140.0,125.0,10.588235294117649
AUK Pathan,0.6760319280373966,0.38461538461538464,1.8670744533177561,116.66666666666667,194.73684210526315,159.0909090909091,100.0,15.384615384615385
Abdul Basith,0.0,0.0,0.0,100.0,100.0,0.0,100.0,0.0
Abdul Samad,0.8717969678309269,0.4288537549407115,1.957682272802281,170.83333333333331,136.1788617886179,162.3456790123457,113.99999999999999,13.438735177865613
Abdur Razzak,0.0,0.0,0.0,0.0,0.0,0.0,0.0,0.0
Abhishek Sharma,0.8042933142239971,0.4245929734361611,2.0293933271872633,155.29411764705884,160.702875399361,146.64914586070958,180.2857142857143,14.618680377035135
Abishek Porel,0.9170792746028799,0.45154185022026433,1.9775405356945708,188.46153846153845,129.2929292929293,156.0344827586207,137.17948717948718,11.674008810572687
Akash Deep,0.5000672250690559,0.75,1.863120568566631,177.77777777777777,170.0,200.0,228.57142857142856,20.0
Akash Madhwal,0.0,0.0,1.2958363892911637,80.0,44.44444444444444,71.42857142857143,42.857142857142854,0.0
Aman Hakim Khan,0.6799737202474211,0.1559633027522936,1.7810187317364181,125.0,90.38461538461539,123.52941176470588,83.92857142857143,8.440366972477065
Aniket Verma,0.9060802671322846,0.4222972972972973,2.0032473480121293,178.125,86.8421052631579,139.43661971830986,187.93103448275863,16.756756756756758
Anirudh Singh,0.0,0.10869565217391304,1.7007697166247402,100.0,88.46153846153845,79.3103448275862,82.35294117647058,4.9275362318840585
Ankit Sharma,0.5887716694559321,0.2391304347826087,1.9333848436369945,106.89655172413792,138.0952380952381,96.15384615384616,135.8974358974359,9.855072463768117
Ankit Soni,0.0,0.16666666666666666,0.0,77.77777777777779,0.0,116.66666666666667,0.0,6.666666666666667
Anmolpreet Singh,0.8599188044701511,0.2264957264957265,1.7885284754042718,0.0,122.91666666666667,114.70588235294117,117.5,9.059829059829061
Anuj Rawat,0.7128845341042584,0.24456521739130435,1.8467904337220804,184.05797101449275,101.33333333333334,129.44444444444446,76.74418604651163,8.84057971014493
Anureet Singh,0.5043028560527603,0.07446808510638298,1.337248612953359,82.85714285714286,64.1025641025641,52.94117647058824,183.33333333333331,3.829787234042553
Arjun Tendulkar,0.0,0.16666666666666666,0.0,144.44444444444443,144.44444444444443,144.44444444444443,0.0,6.666666666666667
Arshad Khan,0.5188672752053789,0.24444444444444444,1.9235075309769536,145.2830188679245,142.10526315789474,147.05882352941177,112.82051282051282,12.222222222222223
Arshad Khan (2),0.0,0.25,0.0,125.0,0.0,125.0,0.0,0.0
Arshdeep Singh,0.45506061042928764,0.08333333333333333,1.4086082103288862,63.41463414634146,45.0,73.17073170731707,0.0,0.0
Ashutosh Sharma,0.8643307098084273,0.34375,1.990484809043509,166.91176470588235,166.24203821656053,156.77419354838707,136.986301369863,14.6875
Atharva Taide,0.9449447904376289,0.2978723404255319,1.991906865374763,0.0,130.17241379310346,144.53781512605042,129.0909090909091,10.638297872340425
Avesh Khan,0.599498305756639,0.3717948717948718,2.0207018975173243,147.05882352941177,192.30769230769232,114.81481481481481,258.33333333333337,16.41025641025641
Azhar Mahmood,0.7614144046433081,0.28135048231511256,1.8730757104853906,150.0,116.03053435114504,117.61658031088082,134.7826086956522,9.196141479099678
Azmatullah Omarzai,0.9590042601326778,0.21428571428571427,1.8362497683981616,143.75,104.0,138.23529411764704,114.99999999999999,10.64935064935065
B Akhil,0.6829317389828917,0.2807017543859649,1.9549890651300252,153.125,155.17241379310346,112.5,100.0,12.280701754385964
B Chipli,0.7600999381662674,0.18359375,1.7802965070640455,177.27272727272728,105.17241379310344,100.68027210884354,120.48192771084338,7.109375
B Indrajith,0.0,0.06451612903225806,1.4836164704209902,0.0,65.21739130434783,66.66666666666666,75.0,0.0
B Kumar,0.5976456776665856,0.10714285714285714,1.6652648412543352,95.39007092198581,89.36170212765957,87.16981132075472,85.0,4.230769230769231
B Laughlin,0.0,0.0,0.9612366047228759,20.0,40.0,36.36363636363637,50.0,0.0
B Lee,0.6593185550579821,0.2107843137254902,1.8077081848092815,130.0,122.44897959183673,140.67796610169492,100.0,10.980392156862745
B Sai Sudharsan,1.2184191911871054,0.2623143080531665,1.9358243082035032,209.0909090909091,135.55194805194805,136.36363636363635,150.0,9.86708365910868
B Stanlake,0.0,0.5,0.0,250.0,250.0,250.0,0.0,0.0
B Sumanth,0.0,0.07894736842105263,1.6268748229248886,109.52380952380953,100.0,95.0,88.88888888888889,0.0
BA Bhatt,0.0,0.21428571428571427,0.0,85.71428571428571,0.0,0.0,85.71428571428571,8.57142857142857
BA Stokes,0.8097651428110665,0.22632311977715877,1.9467887794386576,142.22222222222223,141.74757281553397,127.93427230046947,131.57894736842107,8.969359331476323
BAW Mendis,0.0,0.0,0.0,60.0,40.0,60.0,0.0,0.0
BB McCullum,0.8212937857846878,0.29995598591549294,1.8747890886711558,202.56410256410254,127.68903088391906,137.27422003284073,113.44632768361582,10.880281690140844
BB Samantray,0.6425419499680408,0.13793103448275862,1.7776593942199426,124.0,107.14285714285714,111.68831168831169,107.40740740740742,6.206896551724139
BB Sran,0.7837581467338913,0.0,1.2638091738835462,69.23076923076923,72.72727272727273,66.66666666666666,100.0,0.0
BCJ Cutting,0.9270795296452693,0.4143835616438356,2.035638589182279,182.45614035087718,160.3448275862069,184.46601941747574,123.6842105263158,17.12328767123288
BE Hendricks,0.0,0.0,0.0,33.33333333333333,0.0,33.33333333333333,0.0,0.0
BJ Haddin,0.0,0.4090909090909091,2.0403733936884962,0.0,0.0,0.0,83.33333333333334,16.363636363636363
BJ Hodge,0.8860493637955127,0.2246313963573287,1.9148746589973409,161.96721311475412,127.52136752136751,136.29764065335752,107.32673267326733,7.961838681699914
BJ Rohrer,0.9326068140067932,0.2465753424657534,2.0000697225539694,235.48387096774195,134.21052631578948,132.53012048192772,137.2549019607843,9.178082191780822
BKG Mendis,0.0,0.5,2.0403733936884962,0.0,181.8181818181818,200.0,0.0,21.818181818181817
BMAJ Mendis,0.0,0.0,1.3992075416402177,0.0,66.66666666666666,66.66666666666666,108.33333333333333,0.0
BR Dunk,0.0,0.19444444444444445,1.6600719775911768,0.0,113.63636363636364,130.43478260869566,166.66666666666669,0.0
BR Sharath,0.0,0.0,0.0,0.0,40.0,0.0,40.0,0.0
Basil Thampi,0.6374565244849849,0.06756756756756757,1.6214834331380452,93.54838709677419,84.61538461538461,93.93939393939394,0.0,3.783783783783784
Bipul Sharma,0.8247633944666728,0.22580645161290322,2.0383807892862538,155.10204081632654,160.8108108108108,144.04761904761904,165.3846153846154,10.806451612903226
C Bosch,0.0,0.28125,2.0206887399951703,186.95652173913044,0.0,133.33333333333331,75.0,13.125
C Green,0.8635045955776928,0.3167372881355932,1.9746472622877531,176.74418604651163,152.46636771300447,159.03083700440527,142.42424242424244,12.033898305084746
C Madan,0.0,0.14285714285714285,1.1488348542809166,0.0,0.0,83.33333333333334,0.0,0.0
C Munro,0.8874745661090734,0.2881944444444444,1.7963730202250445,66.66666666666666,105.35714285714286,135.71428571428572,114.92537313432835,10.833333333333334
C Nanda,0.0,0.0,0.0,0.0,0.0,0.0,0.0,0.0
C Sakariya,0.6280931044351489,0.0967741935483871,1.3250566850693148,73.07692307692307,45.45454545454545,80.95238095238095,33.33333333333333,0.0
C de Grandhomme,0.7443435251193911,0.23580786026200873,1.9047698089948257,132.03883495145632,113.33333333333333,135.29411764705884,132.6086956521739,11.004366812227074
CA Ingram,0.8119194556302131,0.18032786885245902,1.778016659669905,151.42857142857142,104.95867768595042,118.66666666666667,107.40740740740742,7.540983606557377
CA Lynn,0.9798607917309404,0.303388090349076,1.90975242460134,125.0,141.15308151093438,148.97196261682245,120.94240837696336,12.19712525667351
CA Pujara,0.9405503734067773,0.16253101736972705,1.667241561283632,133.33333333333331,96.29629629629629,103.07692307692307,91.58878504672897,5.9553349875930515
CH Gayle,0.8937615821799137,0.5672639362912401,1.8742467600569384,193.30143540669857,135.5800388852884,142.97057449789818,141.65154264972776,14.852104664391351
CH Morris,0.6185687252819756,0.3619854721549637,2.031368758395111,165.57971014492753,157.27699530516432,161.45038167938932,108.40336134453781,12.4455205811138
CJ Anderson,0.7121549010329176,0.28784403669724773,1.8854832669205772,184.41558441558442,129.7752808988764,120.94017094017093,126.84210526315789,10.77981651376147
CJ Ferguson,1.1588836997160619,0.1092436974789916,1.617600658804065,100.0,82.35294117647058,106.0,71.9298245614035,0.0
CJ Jordan,0.7267842245501984,0.09259259259259259,1.817925133584613,116.94915254237289,96.55172413793103,112.96296296296295,56.25,5.185185185185185
CJ McKay,0.0,0.0,1.272905595320056,0.0,0.0,53.84615384615385,50.0,0.0
CK Kapugedera,0.0,0.0,1.3250112108241772,72.22222222222221,88.88888888888889,69.56521739130434,0.0,0.0
CK Langeveldt,0.0,0.16666666666666666,0.0,33.33333333333333,88.88888888888889,200.0,25.0,6.666666666666667
CL White,0.7635678535353171,0.22868217054263565,1.869792985839477,183.76623376623377,100.0,128.76106194690266,121.17647058823529,8.837209302325583
CM Gautam,0.8541945258452749,0.17088607594936708,1.838063544907125,121.62162162162163,108.33333333333333,99.06542056074767,115.78947368421053,8.10126582278481
CR Brathwaite,0.8132718075615807,0.32083333333333336,1.8939835992002325,183.11688311688312,113.33333333333333,151.72413793103448,142.85714285714286,16.666666666666668
CR Woakes,0.7464101356882298,0.12987012987012986,1.6840413732222306,110.63829787234043,103.57142857142858,117.64705882352942,65.21739130434783,6.233766233766234
CRD Fernando,0.0,0.0,0.0,133.33333333333331,133.33333333333331,133.33333333333331,0.0,0.0
CV Varun,0.5300997983724692,0.04,1.2522544773348618,62.5,55.00000000000001,50.0,63.1578947368421,0.0
D Brevis,1.0737868452334947,0.6770491803278689,1.9495870004530116,262.5,146.9512195121951,146.8253968253968,150.43478260869566,14.754098360655737
D Ferreira,0.0,0.0,1.4315602842833157,50.0,33.33333333333333,75.0,50.0,0.0
D Kalyankrishna,0.0,0.0,0.0,37.5,0.0,37.5,0.0,0.0
D Padikkal,0.8800212014021516,0.22225935828877005,1.8601737857846736,133.33333333333331,120.78152753108348,123.89189189189189,118.4265010351967,8.877005347593583
D Pretorius,0.7342100367608853,0.26785714285714285,2.023485746983526,154.54545454545453,162.96296296296296,152.63157894736844,166.66666666666669,15.0
D Salunkhe,0.0,0.25,1.8291722720787553,147.05882352941177,175.0,131.25,150.0,0.0
D Wiese,0.9025811205223804,0.23809523809523808,1.902451269584997,151.38888888888889,133.33333333333331,141.57303370786516,137.5,11.238095238095239
D du Preez,0.0,0.0,1.4604846813131116,60.0,0.0,66.66666666666666,66.66666666666666,0.0
DA Miller,0.9191059429226797,0.24793028322440086,1.931387284675601,167.61453396524487,137.46081504702195,139.38193343898573,127.04741379310344,9.847494553376906
DA Warner,0.9698122140779383,0.2734584450402145,1.9883575349711369,174.36974789915968,137.16075156576198,134.34782608695653,136.99943598420757,10.336151783872962
DAJ Bracewell,0.0,0.1111111111111111,0.0,133.33333333333331,133.33333333333331,142.85714285714286,100.0,0.0
DB Das,0.9211804019279993,0.21348314606741572,1.7927202109265694,126.19047619047619,118.8118811881188,92.36111111111111,141.75824175824175,9.438202247191011
DB Ravi Teja,0.818374965170092,0.19846153846153847,1.8394249632013604,134.06593406593404,104.9645390070922,112.95336787564767,119.76744186046511,7.0769230769230775
DE Bollinger,0.0,0.10869565217391304,1.6286457465791397,91.30434782608695,0.0,90.9090909090909,91.66666666666666,6.08695652173913
DG Nalkande,0.0,0.125,1.3250112108241772,0.0,100.0,0.0,57.14285714285714,5.0
DH Yagnik,0.8250698495377331,0.24647887323943662,1.843614476840253,129.5774647887324,84.21052631578947,132.89473684210526,104.54545454545455,7.887323943661972
DJ Bravo,0.751152073641788,0.23255813953488372,1.9513875191730328,180.18018018018017,118.16666666666666,135.08541392904075,106.12745098039215,9.141940657578187
DJ Harris,0.0,0.24271844660194175,1.6908572304685308,0.0,102.27272727272727,100.0,121.42857142857142,9.12621359223301
DJ Hooda,0.7581560523854923,0.19084913437757625,1.8905032109889828,140.3225806451613,114.59074733096087,127.52976190476191,121.900826446281,8.34295136026381
DJ Hussey,0.8941516207909354,0.20027247956403268,1.855328732031812,172.0496894409938,125.10729613733906,120.35541195476576,113.55498721227622,8.719346049046322
DJ Jacobs,0.8756927805441139,0.22277227722772278,1.5766091529988848,0.0,100.0,76.36363636363637,105.55555555555556,7.9207920792079225
DJ Malan,0.0,0.09615384615384616,1.6912539120823422,0.0,0.0,140.0,75.0,5.384615384615385
DJ Mitchell,1.0818415941098907,0.18795620437956204,1.8714108281131554,122.58064516129032,142.85714285714286,122.92993630573248,143.75,7.737226277372263
DJ Muthuswami,0.0,0.0,0.0,33.33333333333333,0.0,0.0,50.0,0.0
DJ Thornely,0.0,0.09259259259259259,1.342096606285297,0.0,16.666666666666664,75.75757575757575,85.71428571428571,5.185185185185185
DJ Willey,0.9077734043558984,0.109375,1.5741304248815275,123.52941176470588,79.03225806451613,90.9090909090909,60.0,0.0
DJG Sammy,0.8624528827554108,0.19123505976095617,1.8443540312991,147.36842105263156,119.04761904761905,140.3225806451613,86.40776699029125,9.56175298804781
DJM Short,0.7630051047579666,0.25980392156862747,1.7506470928607123,0.0,154.83870967741936,133.33333333333331,100.0,9.215686274509805
DL Chahar,0.45776775732602865,0.25,1.9590082773969848,112.5,145.2830188679245,149.01960784313727,117.14285714285715,11.627906976744185
DL Vettori,0.6187847824217185,0.13559322033898305,1.6885623468155686,115.09433962264151,105.08474576271188,112.19512195121952,75.75757575757575,5.423728813559322
DM Bravo,0.0,0.2,0.0,120.0,120.0,120.0,0.0,0.0
DNT Zoysa,0.0,0.1111111111111111,0.0,125.0,142.85714285714286,25.0,100.0,0.0
DP Conway,0.9650119241420355,0.2884130982367758,1.935717012750083,152.08333333333331,124.23208191126281,133.72641509433961,141.99288256227757,10.17632241813602
DP Nannes,0.0,0.0,0.8904916402194913,20.0,30.76923076923077,50.0,22.22222222222222,0.0
DP Vijaykumar,0.0,0.0,0.0,100.0,100.0,0.0,100.0,0.0
DPMD Jayawardene,0.8703096142086476,0.22207621550591328,1.8571927916815631,169.1891891891892,121.16279069767441,116.43990929705214,122.6530612244898,7.884362680683313
DR Martyn,0.0,0.038461538461538464,1.1687997226410385,133.33333333333331,0.0,73.33333333333333,50.0,0.0
DR Sams,0.5357763188643635,0.11458333333333333,1.6626856448328577,120.0,76.31578947368422,67.64705882352942,150.0,7.083333333333333
DR Shorey,0.0,0.075,1.1883763717345073,0.0,65.0,88.88888888888889,45.45454545454545,3.0
DR Smith,0.8992312329127686,0.3386023294509151,1.9072085978477833,149.35064935064935,143.9820022497188,126.26050420168067,146.20886981402003,11.924570160843038
DS Kulkarni,0.7195778584476269,0.10619469026548672,1.7318808803092156,101.04166666666667,87.77777777777777,83.56164383561644,112.12121212121211,4.2477876106194685
DS Lehmann,0.0,0.15789473684210525,1.432983121056005,0.0,100.0,76.47058823529412,250.0,0.0
DS Rathi,0.0,0.0,0.0,25.0,25.0,25.0,0.0,0.0
DT Christian,0.759487272155061,0.15808823529411764,1.792539606092857,133.84615384615384,112.71186440677967,122.67206477732793,97.82608695652173,6.911764705882353
DT Patil,0.0,0.07692307692307693,1.760495029766198,0.0,75.0,0.0,125.0,0.0
DW Steyn,0.620777261946834,0.12576687116564417,1.8212565989298457,112.85714285714286,80.85106382978722,115.83333333333334,81.48148148148148,5.276073619631902
Dhruv Jurel,0.782495755195724,0.30153508771929827,1.9581793770900338,174.61928934010152,150.47923322683704,164.2570281124498,132.77777777777777,12.80701754385965
E Lewis,0.8905610495967207,0.2865731462925852,1.8900145944548221,133.33333333333331,123.69942196531791,132.0689655172414,131.06796116504856,12.18436873747495
EJG Morgan,0.8321105849090698,0.22734970364098223,1.8792362072164737,159.68379446640319,115.83476764199656,121.33333333333334,111.06194690265487,9.212531752751906
ER Dwivedi,0.0,0.43333333333333335,1.7967916319816366,211.11111111111111,0.0,200.0,250.0,18.666666666666668
F Behardien,0.0,0.15384615384615385,1.4604846813131116,116.66666666666667,112.5,116.66666666666667,0.0,0.0
F du Plessis,0.9955660192290448,0.25284327323162276,1.9326407419736522,189.0909090909091,134.23913043478262,142.95065458207452,118.52646638054362,9.70873786407767
FA Allen,0.0,0.05263157894736842,1.4832261969709113,57.14285714285714,100.0,50.0,114.28571428571428,0.0
FH Edwards,0.0,0.0,0.0,80.0,0.0,0.0,100.0,0.0
FY Fazal,0.8781270367006231,0.1424581005586592,1.64906755990025,120.0,61.111111111111114,97.24770642201835,104.54545454545455,5.4748603351955305
Fazalhaq Farooqi,0.0,0.0,0.9182958340544896,33.33333333333333,33.33333333333333,50.0,28.57142857142857,0.0
G Coetzee,0.6868219485476458,0.19696969696969696,1.495533579025972,100.0,123.80952380952381,100.0,50.0,8.484848484848486
G Gambhir,0.9045331203211145,0.19750283768444948,1.8594323443445813,135.43307086614175,116.2570888468809,114.90713587487782,124.35233160621762,7.258796821793416
GB Hogg,0.0,0.045454545454545456,1.4179493739444216,100.0,100.0,85.71428571428571,125.0,0.0
GC Smith,0.8052292979506922,0.20549927641099855,1.762922107045533,150.0,92.73182957393483,100.72115384615385,122.77227722772277,6.743849493487699
GC Viljoen,0.0,0.0,0.0,42.857142857142854,0.0,42.857142857142854,0.0,0.0
GD McGrath,0.0,0.2,0.0,0.0,80.0,80.0,0.0,0.0
GD Phillips,0.7542901070952458,0.45454545454545453,1.725481571458039,214.28571428571428,166.66666666666669,71.7948717948718,246.66666666666669,13.090909090909092
GH Vihari,0.7004900535469758,0.0770392749244713,1.6328365580437818,103.77358490566037,89.5,92.09039548022598,86.5546218487395,3.0815709969788525
GHS Garton,0.0,0.0,0.0,50.0,66.66666666666666,50.0,0.0,0.0
GJ Bailey,0.9093177870870994,0.22644927536231885,1.8786083763073327,181.64556962025316,102.07468879668049,138.59060402684565,96.38009049773756,7.717391304347826
GJ Maxwell,0.7140135916298902,0.3633966244725738,2.0202589810869167,175.59055118110237,151.7601043024772,145.03816793893128,155.74516496018202,13.512658227848101
GR Napier,0.0,0.0625,1.7489992230622806,0.0,0.0,100.0,92.85714285714286,0.0
Gulbadin Naib,0.0,0.16666666666666666,1.4716022614097979,100.0,0.0,50.0,177.77777777777777,9.333333333333334
Gurkeerat Singh,0.8369398999970729,0.20871559633027523,1.8128474416077718,154.6153846153846,112.44239631336406,119.50207468879668,116.14906832298138,7.568807339449542
H Das,0.0,0.0,0.0,40.0,40.0,33.33333333333333,0.0,0.0
H Klaasen,1.05774510624074,0.3743109151047409,2.013378245213066,200.0,150.609756097561,154.5662100456621,170.29177718832892,14.134509371554577
HC Brook,0.5571597147835542,0.2578616352201258,1.8644295233796444,131.8181818181818,70.0,122.77227722772277,108.88888888888889,8.30188679245283
HE van der Dussen,0.0,0.08,1.692878689342031,120.0,54.54545454545454,100.0,25.0,0.0
HF Gurney,0.0,0.0,0.0,20.0,0.0,50.0,0.0,0.0
HH Gibbs,0.9241312070051508,0.1875746714456392,1.8035837843918594,169.44444444444443,99.51923076923077,108.17757009345794,96.03399433427762,7.6702508960573486
HH Pandya,0.8773769666768376,0.33741080530071355,1.9602309197231322,173.56643356643357,139.24665856622113,146.4926590538336,133.75,11.865443425076453
HM Amla,0.8224554372868272,0.2583732057416268,1.9233377695052045,202.5,114.3939393939394,144.27480916030535,124.28571428571429,10.76555023923445
HR Shokeen,0.9743436700820357,0.13432835820895522,1.6923200363683122,105.88235294117648,78.26086956521739,86.48648648648648,113.33333333333333,0.0
HV Patel,0.5970683054783017,0.1825726141078838,1.7871099939703954,126.57342657342659,111.50442477876106,121.55688622754491,98.36065573770492,8.87966804979253
Harbhajan Singh,0.6156836806516243,0.30424528301886794,1.9047799856038579,148.97435897435898,119.5046439628483,147.58620689655174,102.4390243902439,11.572327044025158
Harmeet Singh,0.0,0.3333333333333333,1.8879185026711327,150.0,66.66666666666666,175.0,100.0,0.0
Harpreet Brar,0.7807240011634576,0.1985981308411215,1.8493447239756275,129.2857142857143,103.2258064516129,108.46153846153845,121.875,8.224299065420562
Harpreet Singh,1.0142309922155655,0.40756302521008403,1.7501477366329223,88.88888888888889,103.77358490566037,113.43283582089552,92.6829268292683,5.882352941176471
Harshit Rana,0.4306389722389565,0.19298245614035087,1.7872063049323454,84.84848484848484,125.0,73.33333333333333,180.0,8.771929824561402
I Malhotra,0.0,0.25,0.0,175.0,0.0,175.0,0.0,0.0
I Sharma,0.5979200277910629,0.11971830985915492,1.5733034712356335,80.0,60.97560975609756,55.88235294117647,104.76190476190477,5.070422535211268
I Udana,0.0,0.22727272727272727,1.6767370300521325,136.36363636363635,33.33333333333333,136.36363636363635,0.0,12.727272727272728
IC Pandey,0.0,0.0,0.0,0.0,0.0,0.0,0.0,0.0
IK Pathan,0.8361073293243029,0.1802030456852792,1.8632887706643306,148.1578947368421,120.45929018789143,126.78571428571428,103.51906158357771,7.431472081218274
IR Jaggi,0.7916076450630994,0.07,1.5985521100623918,85.71428571428571,47.05882352941176,90.19607843137256,60.416666666666664,0.0
IS Sodhi,0.0,0.0,0.964078764808229,28.57142857142857,0.0,44.44444444444444,33.33333333333333,0.0
Imran Tahir,0.7749313907744253,0.16216216216216217,1.5776254908783667,107.40740740740742,68.42105263157895,80.76923076923077,109.09090909090908,0.0
Iqbal Abdulla,0.5179436139882345,0.18023255813953487,1.7387050259609056,113.46153846153845,109.72222222222223,101.53846153846153,94.11764705882352,5.348837209302325
Ishan Kishan,0.8951593889670705,0.29772016092981674,1.9074415696036506,190.44117647058823,136.0759493670886,135.4471544715447,129.40516273849607,11.13991953509164
J Arunkumar,0.0,0.25,1.2364405016961446,0.0,104.76190476190477,95.83333333333334,0.0,0.0
J Botha,0.8046048451746576,0.1662087912087912,1.8667834376354198,137.75510204081633,116.30901287553648,108.33333333333333,118.79194630872483,5.65934065934066
J Fraser-McGurk,0.776256291978923,1.3620689655172413,2.000495102191242,0.0,175.4237288135593,195.2755905511811,206.77966101694915,22.463054187192117
J Overton,0.0,0.35714285714285715,0.0,214.28571428571428,275.0,214.28571428571428,0.0,20.0
J Suchith,0.5466285652009216,0.28225806451612906,1.8551693607877717,170.37037037037038,113.20754716981132,114.70588235294117,114.99999999999999,8.709677419354838
J Syed Mohammad,0.8106835853607504,0.18518518518518517,1.639795072162708,125.0,107.40740740740742,123.80952380952381,50.0,0.0
J Theron,0.0,0.07692307692307693,1.3143204867061788,76.92307692307693,90.9090909090909,90.0,50.0,0.0
J Yadav,0.0,0.09210526315789473,1.8028588454634993,96.15384615384616,0.0,94.11764705882352,114.28571428571428,4.7368421052631575
JA Morkel,0.7829115008608503,0.30547752808988765,1.9463268477972777,155.16304347826087,146.17834394904457,133.66583541147133,148.19277108433735,11.151685393258425
JA Richardson,0.0,0.07407407407407407,1.3793929556575797,50.0,100.0,72.72727272727273,56.25,0.0
JC Archer,0.6299681254172453,0.3633879781420765,1.970017191951026,159.375,139.31623931623932,150.34013605442175,103.33333333333334,12.896174863387976
JC Buttler,0.9206465166834168,0.40423669467787116,2.010059163899434,187.8228782287823,151.3728323699422,147.95560747663552,139.22187171398528,12.191876750700281
JD Ryder,0.769747948477626,0.26824034334763946,1.9456915702966593,147.36842105263156,124.29149797570851,134.84162895927602,127.95698924731182,10.0
JD Unadkat,0.6747073116203004,0.17058823529411765,1.864844467138572,125.42372881355932,116.49484536082475,125.68807339449542,102.0,7.882352941176471
JDP Oram,0.6905034176435602,0.17727272727272728,1.6163509639947866,135.13513513513513,112.5,100.0,76.92307692307693,6.7272727272727275
JDS Neesham,0.8600672230145481,0.10752688172043011,1.7927675938247707,88.88888888888889,112.28070175438596,112.90322580645163,91.93548387096774,4.731182795698925
JE Root,0.0,0.06666666666666667,1.272905595320056,0.0,66.66666666666666,64.28571428571429,0.0,0.0
JE Taylor,0.0,0.0,0.0,75.0,100.0,75.0,0.0,0.0
JEC Franklin,0.8681299572490375,0.1925566343042071,1.7682206854935596,150.0,94.57013574660633,100.0,107.87401574803151,6.148867313915858
JG Bethell,0.0,0.5128205128205128,1.831738173739558,0.0,200.0,180.0,157.14285714285714,16.923076923076923
JH Kallis,0.891130677928103,0.16586643387167177,1.7634363752785343,190.56603773584905,103.82475660639778,106.74509803921568,105.31791907514452,6.372762985595809
JJ Bumrah,0.4410361816336033,0.08024691358024691,1.6158928860978365,82.66666666666667,76.59574468085107,98.33333333333333,50.0,3.7037037037037033
JJ Roy,0.9771682207709139,0.33804347826086956,1.8902069150470024,170.0,155.45454545454544,125.09803921568627,150.57471264367817,11.08695652173913
JJ van der Wath,0.0,0.14705882352941177,1.7633584292311077,116.66666666666667,105.88235294117648,121.42857142857142,33.33333333333333,8.235294117647058
JL Denly,0.0,0.0,0.0,0.0,0.0,0.0,0.0,0.0
JL Pattinson,0.0,0.15384615384615385,1.419556298571613,115.38461538461537,0.0,115.38461538461537,0.0,0.0
JM Bairstow,0.954443521011128,0.3827265029635902,1.992991307491949,155.17241379310346,142.95302013422818,146.45550527903467,132.0754716981132,12.125317527519053
JM Kemp,0.0,0.1,1.9005332770550816,42.857142857142854,104.0,114.28571428571428,100.0,5.6000000000000005
JM Sharma,1.0004584756663981,0.33384146341463417,2.0088274716034196,180.58823529411765,151.47679324894514,156.9920844327177,143.85245901639345,14.146341463414636
JO Holder,0.7165617415342339,0.2119815668202765,1.8076238475430788,127.96610169491525,117.05426356589147,137.69230769230768,95.0,10.691244239631336
JP Behrendorff,0.0,0.0,0.0,66.66666666666666,66.66666666666666,66.66666666666666,0.0,0.0
JP Duminy,1.0028553752386364,0.19672619047619047,1.8391864811867515,177.1144278606965,111.52597402597402,131.4792899408284,111.85495118549511,7.7023809523809526
JP Faulkner,0.7639707815897403,0.21428571428571427,1.959882295350892,157.48987854251013,142.45283018867926,142.4,91.80327868852459,9.211822660098523
JP Inglis,0.9840302611793734,0.4576271186440678,2.03549766694829,152.94117647058823,149.12280701754386,148.03921568627453,155.9322033898305,14.915254237288137
JPR Scantlebury-Searles,0.0,0.25,0.0,133.33333333333331,0.0,133.33333333333331,0.0,10.0
JR Hazlewood,0.5700099367272072,0.03333333333333333,1.3499214199431195,88.88888888888889,100.0,65.51724137931035,0.0,0.0
JR Hopes,0.8816462587863564,0.304140127388535,1.919902640579887,139.4736842105263,139.15343915343917,127.05882352941175,123.47826086956522,9.745222929936306
JR Philippe,0.8091553657126291,0.13125,1.6899717406192374,50.0,0.0,90.19607843137256,114.81481481481481,5.75
Jaskaran Singh,0.0,0.0,1.4949188482339508,77.77777777777779,62.5,100.0,25.0,0.0
Joginder Sharma,0.6798898988895339,0.13333333333333333,1.7976526836137336,126.08695652173914,105.26315789473684,140.0,80.0,8.000000000000002
K Goel,0.88473866911851,0.13807531380753138,1.6849262125925546,96.0,79.50819672131148,87.95180722891565,100.0,6.610878661087867
K Gowtham,0.7526110002047095,0.31446540880503143,2.1285051281886402,170.78651685393257,158.92857142857142,166.3716814159292,125.0,14.46540880503145
K Kartikeya,0.0,0.05555555555555555,1.4627552262645034,81.81818181818183,64.70588235294117,71.42857142857143,50.0,0.0
K Rabada,0.6029512976729804,0.17592592592592593,1.7337502984432136,121.25984251968505,99.2248062015504,110.88435374149658,64.70588235294117,7.12962962962963
K Upadhyay,0.0,0.16666666666666666,0.0,133.33333333333331,133.33333333333331,160.0,100.0,6.666666666666667
K Yadav,0.0,0.0,0.0,0.0,0.0,0.0,0.0,0.0
KA Jamieson,0.7648732372303734,0.18333333333333332,1.8504775393921697,140.625,120.0,103.03030303030303,110.00000000000001,8.333333333333334
KA Maharaj,0.0,0.0,0.0,50.0,50.0,50.0,0.0,0.0
KA Pollard,0.8835841267053072,0.371679607682877,1.9715451668341875,171.83098591549296,143.38575393154485,140.61196105702365,137.72935779816513,12.766653044544341
KAJ Roach,0.0,0.1111111111111111,0.0,25.0,111.11111111111111,133.33333333333331,100.0,0.0
KB Arun Karthik,0.741541405883814,0.10377358490566038,1.7801365032949263,83.33333333333334,103.84615384615385,108.10810810810811,90.9090909090909,4.905660377358491
KC Cariappa,0.6908569983907343,0.14285714285714285,1.5723516633085879,92.3076923076923,93.33333333333333,40.0,190.9090909090909,5.7142857142857135
KC Sangakkara,0.9059256381210662,0.20751404494382023,1.831786548459096,152.68817204301075,114.75095785440612,119.97206703910615,111.986301369863,7.373595505617978
KD Karthik,0.858339948694626,0.274613506916192,1.9260714459305652,177.63904653802499,128.85205647636587,137.02651515151516,124.42857142857142,9.422294548413344
KH Pandya,0.7622675046398015,0.2612645348837209,1.963362267656767,149.6021220159151,129.38311688311688,135.43307086614175,119.35483870967742,9.171511627906977
KJ Abbott,0.0,0.1875,0.0,185.71428571428572,0.0,200.0,0.0,7.5
KK Ahmed,0.35415645610138335,0.0,0.0,22.22222222222222,14.285714285714285,14.285714285714285,50.0,0.0
KK Cooper,0.7548318729089688,0.36428571428571427,2.109129104492389,197.05882352941177,158.97435897435898,210.0,135.55555555555557,16.57142857142857
KK Nair,0.8255483371059408,0.2686453576864536,1.9290305530874785,185.08771929824562,132.24852071005918,131.92848020434226,128.07775377969764,9.360730593607306
KL Nagarkoti,0.6458272623351856,0.029411764705882353,1.417173511542627,78.94736842105263,58.333333333333336,78.94736842105263,46.666666666666664,0.0
KL Rahul,1.031576063405445,0.28984038510260957,1.915269207239875,178.08219178082192,133.77169910573383,137.83003300330031,125.87141750580946,9.86065366100836
KM Asif,0.0,0.0,0.0,0.0,0.0,0.0,0.0,0.0
KM Jadhav,0.7909526371712425,0.2124505928853755,1.8348898872227115,137.8698224852071,108.4870848708487,119.53405017921146,114.52054794520548,7.984189723320158
KMA Paul,0.8579997457640628,0.09615384615384616,1.4313380525417574,90.0,125.0,55.55555555555556,40.0,5.384615384615385
KMDN Kulasekara,0.0,0.3333333333333333,0.0,166.66666666666669,166.66666666666669,50.0,0.0,0.0
KP Appanna,0.0,0.0,0.0,50.0,66.66666666666666,100.0,33.33333333333333,0.0
KP Pietersen,1.0053658865301036,0.2704485488126649,1.9567315393164058,196.42857142857142,131.6872427983539,128.24858757062148,135.53719008264463,10.07915567282322
KR Mayers,0.9593438355872648,0.3351449275362319,1.9202332266096696,0.0,122.48062015503875,131.0344827586207,164.04494382022472,13.478260869565217
KR Sen,0.0,0.0,0.0,0.0,0.0,0.0,0.0,0.0
KS Bharat,0.8500044360121622,0.16071428571428573,1.8933121169875962,185.71428571428572,131.4814814814815,111.00000000000001,134.375,7.619047619047619
KS Rathore,0.0,0.0,0.0,0.0,0.0,0.0,0.0,0.0
KS Sharma,0.0,0.04,1.2022921890824148,0.0,100.0,66.66666666666666,61.53846153846154,0.0
KS Williamson,0.934896785447783,0.21453287197231835,1.8851225209635003,160.66350710900474,115.80645161290322,131.3627254509018,112.15083798882681,8.004613610149944
KT Maphaka,0.0,1.0,0.0,266.66666666666663,266.66666666666663,266.66666666666663,0.0,0.0
KV Sharma,0.7093539678080426,0.23615635179153094,1.8520855864734327,134.1176470588235,121.38728323699422,108.08080808080808,126.53061224489797,8.143322475570033
KW Richardson,0.0,0.1282051282051282,1.689459762364319,75.0,122.72727272727273,65.0,129.41176470588235,4.615384615384616
Kamran Akmal,1.0770722999366507,0.46794871794871795,2.0160524217800635,166.66666666666669,150.0,171.875,128.57142857142858,16.923076923076923
Kamran Khan,0.0,0.0,0.0,0.0,60.0,75.0,0.0,0.0
Karanveer Singh,0.0,0.058823529411764705,1.49692754611459,80.0,70.58823529411765,73.33333333333333,50.0,0.0
Kartik Tyagi,0.6251505876422964,0.0625,1.5435644431995963,86.66666666666667,91.66666666666666,91.66666666666666,50.0,0.0
Kuldeep Yadav,0.5855029983528636,0.09375,1.6244125355193586,90.55555555555556,73.17073170731707,84.10596026490066,83.33333333333334,4.25
Kumar Kushagra,0.0,0.0,0.0,0.0,50.0,50.0,0.0,0.0
L Ablish,0.0,0.0,0.0,0.0,0.0,0.0,0.0,0.0
L Balaji,0.40185138701641543,0.07,1.5741600339181772,78.04878048780488,76.19047619047619,88.88888888888889,33.33333333333333,3.6000000000000005
L Ngidi,0.0,0.0,0.0,0.0,0.0,0.0,0.0,0.0
L Ronchi,0.8506160596148472,0.20270270270270271,1.2710423473588057,0.0,100.0,85.71428571428571,0.0,9.18918918918919
L Wood,0.0,0.5,0.0,300.0,300.0,300.0,0.0,20.0
LA Carseldine,1.066526043610266,0.16901408450704225,1.844454747443912,163.63636363636365,103.7037037037037,120.40816326530613,90.0,0.0
LA Pomersbach,0.819116010925954,0.22111553784860558,1.9086308365063351,168.57142857142858,110.24096385542168,130.17241379310346,108.16326530612245,9.163346613545817
LB Williams,0.0,0.0,0.0,50.0,0.0,50.0,0.0,0.0
LE Plunkett,0.0,0.0,0.0,33.33333333333333,0.0,33.33333333333333,0.0,0.0
LH Ferguson,0.6927083333333334,0.22448979591836735,2.0044488182930884,156.8181818181818,153.33333333333334,147.5,144.44444444444443,9.795918367346939
LJ Wright,0.9723365246516951,0.9682539682539683,1.9248839709613252,225.0,100.0,162.0,100.0,14.920634920634921
LMP Simmons,1.0142208604650143,0.2266514806378132,1.8904733671825973,123.07692307692308,127.21712538226299,125.75452716297787,129.93630573248407,9.977220956719817
LPC Silva,0.0,0.2777777777777778,2.029561245664435,229.99999999999997,113.33333333333333,145.45454545454547,0.0,11.11111111111111
LR Shukla,0.7814994605805735,0.18854748603351956,1.8049919078631578,137.95620437956205,91.94630872483222,116.77018633540372,108.16326530612245,8.156424581005586
LRPL Taylor,0.884571220955578,0.19657615112160567,1.8994845253592385,158.86524822695037,127.9783393501805,123.80952380952381,116.27906976744187,8.547815820543093
LS Livingstone,0.7638581889005578,0.3876967095851216,1.9447184763523695,204.23728813559322,167.19367588932806,179.35656836461126,115.51724137931035,14.735336194563665
Lalit Yadav,0.7864154293473459,0.16279069767441862,1.7331709156991817,111.11111111111111,106.55021834061135,109.04255319148936,89.1891891891892,5.913621262458473
Liton Das,0.0,0.25,0.0,0.0,0.0,100.0,0.0,0.0
M Ashwin,0.5895798486555069,0.07,1.4220044834978889,87.5,77.77777777777779,78.37837837837837,46.15384615384615,3.6000000000000005
M Jansen,0.5425182734091073,0.16176470588235295,1.731144924933373,100.0,91.17647058823529,112.04819277108433,113.88888888888889,6.764705882352941
M Kaif,0.9482942067716145,0.14534883720930233,1.8129914570470471,116.12903225806453,106.17283950617285,96.83544303797468,101.21951219512195,5.736434108527131
M Kartik,0.834767505358092,0.0779816513761468,1.648322671649272,101.44927536231884,97.22222222222221,83.09859154929578,142.85714285714286,3.486238532110092
M Klinger,0.0,0.11538461538461539,1.6206157710012277,0.0,74.07407407407408,93.33333333333333,88.46153846153845,0.0
M Manhas,0.7981479890376858,0.12551440329218108,1.8145310813653717,132.46753246753246,102.4561403508772,109.30232558139534,97.52475247524752,5.596707818930041
M Markande,0.6850998567374782,0.17045454545454544,1.8378140895238766,125.0,92.5925925925926,118.18181818181819,88.88888888888889,6.8181818181818175
M Morkel,0.6306127727646242,0.26344086021505375,2.0267577378677104,148.71794871794873,158.9041095890411,143.5483870967742,120.0,10.107526881720432
M Muralitharan,0.5713020834824717,0.03333333333333333,1.573017485133966,66.66666666666666,58.333333333333336,76.0,50.0,0.0
M Ntini,0.0,0.15789473684210525,1.058277043226334,57.89473684210527,0.0,68.75,0.0,0.0
M Prasidh Krishna,0.5055047019946431,0.0,0.954434002924965,37.5,43.75,41.66666666666667,33.33333333333333,0.0
M Rawat,0.6405819825264765,0.07857142857142857,1.5027803674990932,92.10526315789474,87.5,79.16666666666666,85.0,3.7142857142857144
M Shahrukh Khan,0.863574803683565,0.28336557059961315,1.9196047036514527,159.9009900990099,150.85714285714286,157.80730897009965,117.989417989418,13.23017408123791
M Theekshana,0.6965525108326824,0.04411764705882353,1.0827203878670804,66.66666666666666,53.84615384615385,32.0,100.0,1.7647058823529411
M Tiwari,0.0,0.0,0.0,0.0,75.0,100.0,50.0,0.0
M Vijay,0.867989460853849,0.2307518115942029,1.9255893920825036,164.44444444444443,109.72495088408645,120.77716098334655,109.26430517711172,8.596014492753625
M Vohra,0.8636816509194901,0.3186558516801854,1.975962492371969,200.0,135.87786259541986,136.73036093418258,113.43283582089552,9.803012746234067
M de Lange,0.0,0.0,0.0,50.0,0.0,100.0,0.0,0.0
MA Agarwal,0.8310479882745773,0.24580615097856476,1.9178322274454571,213.33333333333334,130.76233183856502,127.02322308233637,138.37579617834393,9.785647716682199
MA Khote,0.0,0.1590909090909091,1.7676461209612233,92.3076923076923,141.66666666666669,93.33333333333333,300.0,8.181818181818182
MA Starc,0.5480261225008307,0.09166666666666666,1.648577698773664,88.31168831168831,100.0,104.49438202247192,50.0,0.0
MA Wood,0.0,0.4,1.5709505944546687,122.22222222222223,120.0,133.33333333333331,0.0,14.000000000000002
MC Henriques,0.8528350764323263,0.19225967540574282,1.9283067882316869,173.65269461077844,115.31914893617021,126.64835164835165,120.33426183844011,7.84019975031211
MC Juneja,1.0088465744870108,0.10074626865671642,1.616506093684811,55.55555555555556,109.23076923076923,101.42857142857142,81.81818181818183,4.029850746268656
MD Mishra,0.8111266186898223,0.2112676056338028,1.8221116781880151,153.33333333333334,116.40625,114.50381679389312,120.96774193548387,8.262910798122066
MD Shanaka,0.0,0.19230769230769232,1.6912539120823422,128.57142857142858,89.47368421052632,114.28571428571428,94.44444444444444,6.923076923076923
MDKJ Perera,0.0,0.3076923076923077,1.3346791410515946,0.0,0.0,116.66666666666667,0.0,0.0
MEK Hussey,0.9405126407527805,0.1941747572815534,1.8710840198200829,186.36363636363635,112.16216216216218,120.56367432150313,112.58992805755396,7.961165048543689
MF Maharoof,0.796377282575865,0.27419354838709675,2.0421539660815045,171.6216216216216,131.14754098360655,125.86206896551724,181.8181818181818,11.129032258064516
MG Bracewell,0.0,0.19387755102040816,1.7808521621199696,91.66666666666666,100.0,123.80952380952381,113.63636363636364,6.938775510204081
MG Johnson,0.7535811635875022,0.13690476190476192,1.7887015851578145,105.67375886524823,104.6875,97.41379310344827,112.12121212121211,6.547619047619048
MJ Clarke,1.0410692428655797,0.17708333333333334,1.715342911884128,0.0,105.12820512820514,114.28571428571428,89.36170212765957,0.0
MJ Guptill,0.9056976442764013,0.2817258883248731,1.9716083596470768,0.0,179.59183673469389,153.38983050847457,117.74193548387098,12.487309644670052
MJ Lumb,0.7697426602683334,0.4217171717171717,1.8566873190153899,0.0,154.46428571428572,143.22033898305085,107.40740740740742,12.121212121212121
MJ McClenaghan,0.46002694101718394,0.2465753424657534,1.6743385678824596,112.24489795918366,136.95652173913044,81.48148148148148,223.52941176470588,12.32876712328767
MJ Owen,0.0,0.0,0.0,0.0,0.0,0.0,0.0,0.0
MJ Santner,0.588046349979113,0.13513513513513514,1.692882178103147,132.5581395348837,110.66666666666667,110.22727272727273,56.52173913043478,7.567567567567568
MJ Suthar,0.0,0.0,0.0,50.0,0.0,50.0,0.0,0.0
MK Lomror,0.7442816140685524,0.2480719794344473,1.89641235960815,129.05982905982907,134.7826086956522,129.7560975609756,142.28571428571428,11.105398457583547
MK Pandey,0.8671620971497264,0.17704918032786884,1.8624164224338422,148.47645429362882,114.88294314381271,125.16411378555799,107.75924583031183,7.5111773472429215
MK Tiwary,0.8653211440319716,0.17595701813297515,1.820501051965689,148.2248520710059,110.12311901504788,116.98113207547169,109.13621262458473,6.877098723975822
ML Hayden,1.0238370703072992,0.2967818831942789,1.927511914741172,183.33333333333331,131.72043010752688,142.39350912778906,117.02898550724639,11.01311084624553
MM Ali,0.7839356150236101,0.3630057803468208,1.8947764186226161,165.04065040650406,115.49295774647888,135.8974358974359,133.15508021390374,12.138728323699421
MM Patel,0.311699969268787,0.24390243902439024,1.5488895948216397,105.40540540540539,126.08695652173914,119.35483870967742,22.22222222222222,0.0
MM Sharma,0.5068277108365776,0.11428571428571428,1.6943469098961665,96.1038961038961,111.11111111111111,96.34146341463415,80.3921568627451,5.428571428571429
MN Samuels,0.5818728440589671,0.12931034482758622,1.6919762328136085,158.33333333333331,67.16417910447761,98.33333333333333,98.80952380952381,6.091954022988506
MN van Wyk,1.035555136776933,0.2037037037037037,1.8641632881506658,154.2857142857143,86.48648648648648,136.36363636363635,108.47457627118644,6.37037037037037
MP Breetzke,0.0,0.20833333333333334,1.780672129520887,0.0,0.0,71.42857142857143,180.0,11.666666666666666
MP Stoinis,0.7858139886435324,0.31022649279341113,1.9566184127551334,175.18248175182484,140.95238095238096,146.27403846153845,129.47368421052633,11.61290322580645
MR Marsh,0.7728181307388292,0.2984994640943194,1.9295204974521103,146.53465346534654,128.19843342036555,148.64341085271317,120.93750000000001,12.497320471596998
MS Bhandage,0.0,0.0,0.0,0.0,0.0,0.0,50.0,0.0
MS Bisla,0.7570691323834242,0.19810040705563092,1.7885632423413091,160.0,107.07070707070707,109.24574209245743,108.23045267489712,8.168249660786975
MS Dhoni,0.9505708197994494,0.2526213118751524,1.959770538696834,177.40181268882176,129.490022172949,148.39277851166887,109.72938144329898,10.095098756400878
MS Gony,0.47431577327451413,0.3092105263157895,1.848571141135918,146.2962962962963,86.11111111111111,116.66666666666667,146.875,13.684210526315788
MS Wade,0.9431497116299669,0.15135135135135136,1.7196083325440505,0.0,99.06542056074767,117.17171717171718,72.22222222222221,6.054054054054054
MV Boucher,0.838872917107121,0.21226415094339623,1.9227071192799616,157.01754385964912,134.80662983425415,119.6078431372549,143.0,8.11320754716981
MW Short,1.021359987063491,0.2727272727272727,1.794227430774431,0.0,144.82758620689654,122.95081967213115,71.42857142857143,10.1010101010101
Mandeep Singh,0.789717068167187,0.19746121297602257,1.8959845770365986,155.98086124401914,124.69325153374233,127.92899408284025,109.0721649484536,7.64456981664316
Mashrafe Mortaza,0.0,0.0,0.0,100.0,0.0,100.0,0.0,0.0
Mayank Dagar,0.0,0.0,0.0,0.0,0.0,0.0,0.0,0.0
Misbah-ul-Haq,0.646612067232963,0.3231707317073171,1.9831573041519832,266.66666666666663,117.24137931034481,161.11111111111111,135.29411764705884,12.195121951219514
Mohammad Ashraful,0.0,0.0,0.6500224216483541,0.0,0.0,16.666666666666664,0.0,0.0
Mohammad Asif,0.0,0.0,0.0,0.0,50.0,50.0,50.0,0.0
Mohammad Hafeez,0.9924408430147732,0.11904761904761904,1.3805998404899835,125.0,104.0,88.67924528301887,35.714285714285715,5.714285714285714
Mohammad Nabi,0.88671109734006,0.2802547770700637,1.9681587521494246,139.74358974358972,136.8421052631579,142.85714285714286,141.46341463414635,12.229299363057326
Mohammed Shami,0.5140325439699917,0.11827956989247312,1.6870608601687542,94.36619718309859,107.6923076923077,89.23076923076924,108.69565217391303,5.161290322580645
Mohammed Siraj,0.7004080865582916,0.1377952755905512,1.6384610529929828,90.35087719298247,96.5909090909091,89.0909090909091,80.0,6.299212598425196
Mohit Rathee,0.0,0.0,0.0,50.0,0.0,0.0,0.0,0.0
Mohsin Khan,0.6334184850874708,0.12962962962962962,1.7084118211067647,133.33333333333331,50.0,80.95238095238095,133.33333333333331,6.666666666666667
Mujeeb Ur Rahman,0.3096401568399578,0.2,1.3382689280764646,91.66666666666666,100.0,30.0,180.0,0.0
Mukesh Choudhary,0.0,0.16666666666666666,0.0,100.0,100.0,100.0,100.0,0.0
Mukesh Kumar,0.49542425094393255,0.0,1.0,47.368421052631575,50.0,50.0,0.0,0.0
Musheer Khan,0.0,0.0,0.0,0.0,0.0,0.0,0.0,0.0
Mustafizur Rahman,0.391329817109022,0.0625,1.0994839817876882,61.904761904761905,25.0,60.0,25.0,2.5
N Jagadeesan,0.7649428365219699,0.16129032258064516,1.7137359635043325,64.28571428571429,122.58064516129032,86.17021276595744,141.1764705882353,6.709677419354838
N Pooran,0.8969005179105284,0.48220516399162594,2.0179247422528346,162.56410256410257,166.7621776504298,154.88540410132688,164.859437751004,16.06420097697139
N Rana,0.8873711142495088,0.30913729128014844,1.8932658213495783,169.00584795321637,128.67830423940148,127.12854757929884,140.34285714285716,11.382189239332096
N Saini,0.7305009895828066,0.11188811188811189,1.7760935983774029,100.0,100.0,88.37209302325581,119.6078431372549,0.0
N Wadhera,0.8576522373464348,0.27586206896551724,1.9259007330572688,141.86046511627907,134.92063492063494,127.14932126696831,142.6605504587156,12.068965517241379
ND Doshi,0.0,0.0,-0.0,0.0,0.0,0.0,0.0,0.0
NJ Maddinson,0.0,0.19047619047619047,1.220728902106009,0.0,95.23809523809523,53.333333333333336,200.0,0.0
NJ Rimmington,0.0,0.0,0.0,100.0,0.0,100.0,0.0,0.0
NK Patel,0.7627012897386918,0.13306451612903225,1.768482463419298,163.1578947368421,104.90196078431373,88.23529411764706,116.66666666666667,5.322580645161291
NL McCullum,0.0,0.06521739130434782,1.8918521728839344,112.5,93.75,63.63636363636363,122.22222222222223,2.608695652173913
NLTC Perera,0.8759819836378612,0.2883435582822086,1.9373920867695016,150.34965034965035,141.3793103448276,121.31979695431471,141.50943396226415,10.797546012269937
NM Coulter-Nile,0.7498844899709673,0.18666666666666668,1.8044137123330146,121.42857142857142,142.85714285714286,135.8490566037736,42.857142857142854,9.066666666666666
NS Naik,0.0,0.03773584905660377,1.3916592955931544,68.75,33.33333333333333,72.97297297297297,9.090909090909092,0.0
NT Ellis,0.49391285951655556,0.057692307692307696,1.476120721149274,105.88235294117648,50.0,76.92307692307693,20.0,2.307692307692308
NV Ojha,0.783576785897921,0.21470588235294116,1.8446997995644359,136.6812227074236,113.4585289514867,104.63980463980465,126.96629213483146,9.36764705882353
Naman Dhir,0.9595990947151591,0.4756637168141593,2.0686055528833887,209.43396226415098,167.96875,190.68322981366458,134.21052631578948,16.72566371681416
Navdeep Saini,0.7339963636614412,0.07894736842105263,1.6268748229248886,112.5,83.33333333333334,88.23529411764706,85.71428571428571,0.0
Naveen-ul-Haq,0.0,0.07692307692307693,1.4885252948977485,80.0,69.56521739130434,55.00000000000001,120.0,0.0
Nithish Kumar Reddy,0.9471649535674976,0.24345549738219896,1.8813533666381654,179.06976744186048,136.1904761904762,110.63829787234043,146.15384615384613,9.790575916230367
Noor Ahmad,0.5568111383354655,0.05714285714285714,1.3566565886789292,65.38461538461539,100.0,115.38461538461537,23.076923076923077,0.0
OA Shah,0.8550731994843588,0.21975308641975308,1.902611314991206,146.3768115942029,122.01834862385321,130.47619047619048,116.4835164835165,9.037037037037038
OC McCoy,0.0,0.3,0.0,160.0,0.0,33.33333333333333,350.0,12.0
OF Smith,0.6763130410705063,0.2,1.5919200763953127,127.77777777777777,277.77777777777777,112.12121212121211,42.857142857142854,10.8
P Awana,0.3221441993929574,0.0,0.9402859586706311,35.714285714285715,0.0,35.714285714285715,0.0,0.0
P Chopra,0.0,0.3333333333333333,0.0,0.0,133.33333333333331,133.33333333333331,0.0,0.0
P Dogra,0.6764960570803655,0.16312056737588654,1.6845126692696848,113.63636363636364,106.66666666666667,96.34146341463415,83.33333333333334,4.680851063829787
P Dubey,0.0,0.06060606060606061,1.420376403083,50.0,80.0,92.3076923076923,55.00000000000001,0.0
P Kumar,0.6089237805818978,0.18421052631578946,1.7960151007569005,108.4,106.2937062937063,105.46218487394958,120.0,7.987616099071207
P Negi,0.8041740857825078,0.21096345514950166,1.920242400931101,136.14457831325302,109.1743119266055,119.81132075471699,131.64556962025316,8.903654485049833
P Parameswaran,0.0,0.0,0.0,33.33333333333333,0.0,33.33333333333333,0.0,0.0
P Ray Barman,0.0,0.08,1.3209242772281589,0.0,76.0,63.63636363636363,60.0,0.0
P Sahu,0.0,0.19230769230769232,2.038159681645953,146.15384615384613,0.0,155.55555555555557,125.0,10.76923076923077
P Simran Singh,0.8737337937203057,0.3805309734513274,1.9808635484790373,162.16216216216216,140.82687338501293,147.63779527559055,145.4918032786885,14.092920353982302
PA Patel,0.8878154625063959,0.23034398034398035,1.8250595644762773,136.95652173913044,116.16242038216559,125.21306818181819,107.03703703703704,7.985257985257984
PA Reddy,0.9445015491945626,0.12574850299401197,1.7590850296388567,300.0,107.40740740740742,103.40909090909092,90.32258064516128,4.790419161676647
PBB Rajapaksa,0.8894187360480039,0.3283582089552239,1.966690255422915,50.0,145.45454545454547,152.21238938053096,115.94202898550725,11.840796019900498
PC Valthaty,0.6824534657811884,0.2951388888888889,1.7836046946126163,207.6923076923077,135.13513513513513,108.42490842490842,125.39682539682539,10.277777777777779
PD Collingwood,0.8380816535830292,0.22327044025157233,1.8839661633858795,178.3783783783784,107.84313725490196,140.35087719298244,114.6067415730337,10.440251572327044
PD Salt,0.9085153824832448,0.6380417335473515,2.022927275375963,218.18181818181816,174.46236559139786,164.85148514851485,182.35294117647058,16.82182985553772
PHKD Mendis,0.9648983337838706,0.20833333333333334,1.9881200274855684,93.33333333333333,135.82089552238804,141.1764705882353,119.04761904761905,6.666666666666667
PJ Cummins,0.6572316925081346,0.4568345323741007,2.0444814572043333,152.52100840336135,173.21428571428572,166.2162162162162,95.1923076923077,13.573141486810552
PJ Sangwan,0.5195240675412879,0.02127659574468085,1.360187786558975,59.45945945945946,52.17391304347826,65.51724137931035,20.0,0.0
PK Garg,0.8438086129854815,0.17611336032388664,1.8616783394394893,166.66666666666669,97.2972972972973,117.16417910447761,108.7378640776699,6.234817813765183
PM Sarvesh Kumar,0.0,0.0,0.0,50.0,50.0,0.0,50.0,0.0
PN Mankad,0.6243941449885974,0.24,1.8853882665014503,140.0,131.4814814814815,130.0,183.33333333333331,9.600000000000001
PP Chawla,0.7279398722959427,0.17155172413793104,1.809738232370606,119.5845697329377,114.22924901185772,117.27748691099475,88.88888888888889,7.310344827586207
PP Ojha,0.5737803030973796,0.0,1.03608227906163,38.095238095238095,26.666666666666668,38.23529411764706,27.27272727272727,0.0
PP Shaw,0.8276735957720749,0.4053747161241484,1.946866217967041,150.0,145.42586750788644,143.19526627218934,146.2915601023018,11.82437547312642
PR Shah,0.8251421082281439,0.12371134020618557,1.7408605502352725,95.0,140.0,100.0,54.54545454545454,5.77319587628866
PSP Handscomb,0.0,0.0,1.0,0.0,0.0,37.5,75.0,0.0
PV Tambe,0.8914464785105056,0.02564102564102564,1.0971440412695763,42.857142857142854,45.714285714285715,55.55555555555556,14.285714285714285,0.0
PVD Chameera,0.5519454479583006,0.1956521739130435,1.8237773320245474,117.94871794871796,106.06060606060606,132.14285714285714,93.75,9.130434782608695
PVSN Raju,0.0,0.0,0.0,100.0,0.0,100.0,0.0,0.0
PWA Mulder,0.0,0.08333333333333333,1.3250112108241772,100.0,0.0,120.0,25.0,0.0
PWH de Silva,0.5879236047324136,0.08947368421052632,1.6718580282150337,100.0,100.0,78.33333333333333,106.89655172413792,4.0
Pankaj Singh,0.6460573370360074,0.0,1.3250112108241772,58.333333333333336,60.0,58.333333333333336,0.0,0.0
Parvez Rasool,0.0,0.05,1.4366664819166872,85.0,86.66666666666667,90.0,33.33333333333333,0.0
Prince Yadav,0.0,0.0,0.9940302114769565,45.45454545454545,45.45454545454545,40.0,100.0,0.0
Priyansh Arya,0.8926925098637833,0.49193548387096775,2.0686007794324377,0.0,147.1153846153846,186.08247422680412,173.77049180327867,17.741935483870968
Q de Kock,0.8733611232842607,0.2651006711409396,1.9165981810437562,192.75362318840578,130.28883684621388,139.75983989326218,117.14947856315179,10.422424003158309
R Ashwin,0.6508928269276195,0.17513736263736263,1.8077644050798078,127.96352583586625,113.39563862928348,125.0,100.0,7.5
R Bhatia,0.7101303981673287,0.16551724137931034,1.8743241808293791,151.65562913907286,109.43396226415094,126.94610778443113,88.29787234042553,7.793103448275862
R Bishnoi,0.0,0.3235294117647059,1.4516607643577664,50.0,33.33333333333333,180.0,0.0,14.117647058823529
R Dhawan,0.8421396204191361,0.15691489361702127,1.8881880982552672,137.2549019607843,90.19607843137256,130.20833333333331,77.63157894736842,7.553191489361702
R Dravid,1.0064009031141086,0.18691345151199165,1.8046192456280117,177.77777777777777,115.90909090909092,112.66726137377341,113.47068145800317,7.069864442127216
R McLaren,0.5383865922714822,0.09269662921348315,1.6195152680350813,110.00000000000001,74.07407407407408,93.75,95.52238805970148,3.707865168539326
R Minz,0.0,0.0,1.1216407621868583,0.0,50.0,66.66666666666666,30.76923076923077,0.0
R Ninan,0.0,0.0,0.0,50.0,50.0,50.0,0.0,0.0
R Parag,0.8217455824134223,0.2954152249134948,1.918494280481982,153.30882352941177,138.0701754385965,138.47402597402598,125.1063829787234,11.401384083044983
R Powell,0.71288435535674,0.40804597701149425,1.9165265022982643,188.57142857142856,153.69127516778522,154.92957746478874,112.00000000000001,14.099616858237548
R Rampaul,0.5844834500804781,0.11538461538461539,1.7950656005971193,93.54838709677419,140.0,91.11111111111111,142.85714285714286,6.153846153846154
R Ravindra,0.8311643681608155,0.2785234899328859,1.965470148472413,350.0,141.30434782608697,149.70760233918128,126.13636363636364,10.738255033557047
R Sai Kishore,0.0,0.28125,1.4056390622295665,130.76923076923077,113.33333333333333,175.0,50.0,7.5
R Sanjay Yadav,0.0,0.0,0.0,0.0,0.0,0.0,0.0,0.0
R Sathish,0.9045188728940813,0.15889830508474576,1.9295954500098358,138.83495145631068,121.42857142857142,121.66666666666666,114.28571428571428,6.271186440677965
R Sharma,0.39738842189406315,0.12337662337662338,1.6252647046634017,78.26086956521739,63.41463414634146,84.61538461538461,112.5,6.493506493506494
R Shepherd,0.6814376500646946,1.7795698924731183,2.1135348982411313,235.29411764705884,122.50000000000001,231.8840579710145,104.16666666666667,23.440860215053767
R Shukla,0.0,0.08695652173913043,1.3377780971924957,80.0,88.88888888888889,81.81818181818183,0.0,0.0
R Tewatia,0.8369744779425128,0.27144535840188017,1.904955610947498,164.33566433566432,128.72727272727275,139.2670157068063,117.67241379310344,10.575793184488838
R Vinay Kumar,0.6998391277950138,0.12802768166089964,1.8342698872559113,115.45893719806763,96.93251533742331,115.12195121951218,84.61538461538461,6.0207612456747395
RA Bawa,0.0,0.05555555555555555,1.9523612813926658,200.0,0.0,125.0,133.33333333333331,0.0
RA Jadeja,0.9357504801088412,0.20061373225930187,1.9010914057315196,152.4378109452736,125.46689303904924,133.76358695652172,115.01564129301356,8.170310701956272
RA Tripathi,0.8668566312301124,0.2817809021675454,1.9465068693777168,160.0,137.86635404454864,136.33333333333331,128.83522727272728,10.34563561804335
RD Chahar,0.5212343375491921,0.18110236220472442,1.7418716661547502,108.33333333333333,101.96078431372548,109.00000000000001,69.56521739130434,8.031496062992126
RD Gaikwad,0.927588214066883,0.24396135265700483,1.9454316393495716,171.02803738317758,124.87113402061856,129.85611510791367,144.18212478920742,10.059044551798175
RD Rickelton,1.045323443405934,0.35902255639097747,1.9327356729820195,0.0,135.29411764705884,149.04458598726114,121.12676056338027,13.458646616541353
RE Levi,0.506251970126046,0.25,1.5933785562553935,0.0,110.41666666666667,85.36585365853658,150.0,10.81081081081081
RE van der Merwe,0.7253193018526605,0.2048611111111111,1.791011503008161,127.02702702702702,100.0,94.18604651162791,132.0754716981132,8.61111111111111
RG More,0.0,0.0,0.0,100.0,0.0,100.0,0.0,0.0
RG Sharma,0.8709611198529484,0.2493150684931507,1.883647953752789,187.55980861244018,124.15644171779141,138.1096535486041,114.6421845574388,10.210045662100455
RJ Gleeson,0.0,0.0,0.0,100.0,0.0,100.0,0.0,0.0
RJ Harris,0.6714447733094077,0.11160714285714286,1.8856974552664658,117.8082191780822,92.06349206349206,116.90140845070422,88.23529411764706,4.821428571428572
RJ Peterson,0.6455771369394696,0.3125,1.675693861095465,105.88235294117648,105.55555555555556,38.88888888888889,178.57142857142858,6.875000000000001
RJ Quiney,0.7159522679483369,0.1761904761904762,1.6718085063664732,0.0,73.77049180327869,100.0,93.93939393939394,7.428571428571429
RJW Topley,0.0,0.0,0.0,50.0,50.0,50.0,50.0,0.0
RK Bhui,0.0,0.0,1.1170949925429108,0.0,35.0,20.0,58.333333333333336,0.0
RK Singh,0.980979337269754,0.6834804539722572,1.9503515804276508,185.05338078291814,148.78706199460916,157.17761557177616,118.7878787878788,11.450189155107187
RM Patidar,1.0039374769423088,0.37220026350461133,1.9567311378536771,143.75,130.63063063063063,135.86387434554973,159.42857142857144,12.964426877470355
RN ten Doeschate,0.7130986186307917,0.24789915966386555,1.9042304397280885,170.79646017699116,134.28571428571428,140.625,121.81818181818183,10.672268907563026
RP Meredith,0.0,0.0,0.0,0.0,0.0,0.0,0.0,0.0
RP Singh,0.5751873604921401,0.057692307692307696,1.4489955802553947,73.52941176470588,54.761904761904766,73.46938775510205,60.0,2.307692307692308
RR Bhatkal,0.0,0.0,0.0,0.0,0.0,0.0,0.0,0.0
RR Pant,0.9277336514610155,0.39836261980830673,1.9605424299737964,195.5056179775281,140.1002506265664,146.32068164213788,136.11884865366758,11.916932907348244
RR Powar,0.7352827844949954,0.1796875,1.8189820780241388,120.75471698113208,100.0,129.26829268292684,60.0,5.312500000000001
RR Raje,0.6747425010840047,0.1388888888888889,1.4627552262645034,111.11111111111111,157.14285714285714,109.09090909090908,114.28571428571428,7.777777777777778
RR Rossouw,0.7700742177152808,0.32554517133956384,1.9949773510939897,200.0,136.70886075949366,172.28915662650604,127.48091603053436,13.395638629283491
RR Sarwan,0.0,0.09615384615384616,1.701128215873036,0.0,95.65217391304348,102.7027027027027,72.72727272727273,4.3589743589743595
RS Bopara,0.8366863031939672,0.172008547008547,1.8462176087259532,157.5,120.10309278350515,108.81226053639847,111.32075471698113,6.752136752136752
RS Gavaskar,0.0,0.0,0.0,0.0,25.0,20.0,33.33333333333333,0.0
RS Sodhi,0.0,0.5,0.0,200.0,200.0,200.0,0.0,0.0
RT Ponting,0.7047265500137337,0.06201550387596899,1.4943801311960727,0.0,72.72727272727273,71.23287671232876,46.15384615384615,3.10077519379845
RV Gomez,0.46317578480668586,0.14150943396226415,1.7280788879056432,122.22222222222223,0.0,132.0,76.19047619047619,5.660377358490567
RV Patel,1.0940989287422564,0.11842105263157894,1.7390983429401141,125.64102564102564,95.74468085106383,105.55555555555556,100.0,5.7894736842105265
RV Uthappa,0.921667428853168,0.24624395212630507,1.9132763445692258,166.0,130.32673722963645,126.16740088105726,128.11550151975683,9.53399541634836
Rahmanullah Gurbaz,0.7693179842776325,0.2950530035335689,1.8628114547658345,0.0,103.2520325203252,116.40211640211639,147.45762711864407,12.579505300353356
Ramandeep Singh,0.7971129039895302,0.323943661971831,2.015756445386299,192.45283018867926,135.0,166.66666666666669,130.18867924528303,14.507042253521124
Rashid Khan,0.49912249396021574,0.3785529715762274,2.049948729603176,157.23684210526315,164.3835616438356,152.38095238095238,150.60240963855424,14.83204134366925
Rasikh Salam,1.0937466620754652,0.15,1.761278605744884,142.10526315789474,85.18518518518519,125.92592592592592,50.0,0.0
Ravi Bishnoi,0.589734750989405,0.07352941176470588,1.464109393042224,69.04761904761905,69.64285714285714,66.0377358490566,64.28571428571429,4.117647058823529
S Anirudha,0.5094979450088435,0.17768595041322313,1.8047210037319859,144.44444444444443,122.72727272727273,131.94444444444443,92.85714285714286,8.760330578512397
S Aravind,0.8155676625084147,0.15254237288135594,1.7180460412455294,106.9767441860465,119.04761904761905,104.54545454545455,30.0,0.0
S Badree,0.530924365543975,0.0,1.290564432903234,50.0,45.45454545454545,28.57142857142857,81.81818181818183,0.0
S Badrinath,0.8067489210188324,0.1827309236947791,1.8278553981750847,157.41626794258374,115.61822125813448,117.78425655976676,112.04545454545453,7.196787148594377
S Chanderpaul,0.0,0.15151515151515152,1.3180945160030577,0.0,95.83333333333334,75.75757575757575,0.0,0.0
S Dhawan,0.9512003862668899,0.21648732445741384,1.8675452765580642,160.96774193548387,123.39409722222223,127.01113861386139,119.5095948827292,8.393215393033012
S Dube,0.9715961839466747,0.2617130307467057,1.8978276536202872,159.58188153310104,123.01458670988654,136.45569620253164,128.24601366742596,12.093704245973647
S Gopal,0.6980839561834802,0.17052023121387283,1.7326269141603172,130.76923076923077,108.86075949367088,111.49425287356323,103.03030303030303,5.5491329479768785
S Kaul,0.5016310976919263,0.027777777777777776,1.3909826406281096,58.06451612903226,47.61904761904761,58.06451612903226,40.0,0.0
S Kaushik,0.0,0.0,0.0,0.0,0.0,0.0,0.0,0.0
S Ladda,0.0,0.0,-0.0,0.0,0.0,0.0,0.0,0.0
S Lamichhane,0.0,0.0,0.0,0.0,0.0,0.0,0.0,0.0
S Nadeem,0.5620428305591333,0.022727272727272728,1.2024521872289933,44.230769230769226,51.724137931034484,33.33333333333333,55.55555555555556,0.0
S Narwal,0.0,0.2413793103448276,1.786993063197861,118.75,120.0,139.1304347826087,100.0,0.0
S Rana,1.0301404022587357,0.1524390243902439,1.8563927270646323,141.86046511627907,126.66666666666666,114.92537313432835,77.77777777777779,5.609756097560976
S Randiv,0.0,0.0,0.0,50.0,50.0,50.0,0.0,0.0
S Sohal,0.7138460821234376,0.27813504823151125,1.8729383665280495,44.44444444444444,123.48993288590604,116.82692307692308,114.99999999999999,10.160771704180064
S Sreesanth,0.3102824820981949,0.12280701754385964,1.160101690290284,60.71428571428571,88.88888888888889,76.92307692307693,0.0,0.0
S Sriram,0.0,0.10526315789473684,1.552746027594826,0.0,81.57894736842105,96.29629629629629,0.0,0.0
S Tyagi,0.0,0.0,0.0,75.0,75.0,75.0,0.0,0.0
S Vidyut,0.8048410437658611,0.2608695652173913,1.8560579121003222,0.0,131.42857142857142,112.08791208791209,184.21052631578948,9.913043478260871
SA Abbott,0.0,0.2222222222222222,1.768853837616,181.8181818181818,88.88888888888889,116.66666666666667,25.0,13.333333333333334
SA Asnodkar,0.8979039804289398,0.23295454545454544,1.8129761271666613,0.0,106.71140939597315,124.90421455938699,118.75,9.204545454545455
SA Yadav,0.9472697171541657,0.3149273893954745,1.9750399900320357,187.7742946708464,150.44247787610618,158.24538258575197,132.39656518345043,11.806822019587978
SB Bangar,0.8252223723956691,0.1206896551724138,1.4535459940216322,170.58823529411765,105.0,40.0,154.54545454545453,5.862068965517241
SB Dubey,0.8456920613032705,0.5287356321839081,1.9584037209794425,202.32558139534885,175.67567567567568,161.11111111111111,110.00000000000001,15.632183908045977
SB Jakati,0.8055839815833911,0.13333333333333333,1.5376437149543918,93.33333333333333,0.0,86.36363636363636,100.0,0.0
SB Joshi,0.0,0.0,0.954434002924965,0.0,37.5,37.5,37.5,0.0
SB Styris,0.8377884433285495,0.12313432835820895,1.620326293459129,110.5263157894737,85.71428571428571,96.20253164556962,95.34883720930233,5.223880597014926
SB Wagh,0.0,0.0,0.0,66.66666666666666,0.0,66.66666666666666,0.0,0.0
SC Ganguly,0.8385995467955224,0.17911010558069382,1.738636554904731,160.56338028169014,102.61437908496731,98.05970149253731,100.59760956175299,7.300150829562595
SD Chitnis,0.9572301063675719,0.16304347826086957,1.7518234619000799,118.75,115.625,108.10810810810811,92.3076923076923,6.521739130434782
SD Hope,0.9954835575213301,0.36,2.000456561038191,100.0,134.0909090909091,130.15873015873015,150.0,13.440000000000001
SD Lad,0.0,0.2692307692307692,1.7004397181410922,0.0,115.38461538461537,115.38461538461537,0.0,10.76923076923077
SE Bond,0.0,0.0,0.0,0.0,50.0,100.0,0.0,0.0
SE Marsh,0.9828550187427737,0.2937794040773654,1.8997754443380632,154.54545454545453,134.51776649746193,123.0,140.94616639477977,9.702038682697335
SE Rutherford,0.9951047826431892,0.25967741935483873,1.840565299429464,147.47474747474746,126.82926829268293,130.76923076923077,122.22222222222223,11.612903225806452
SH Johnson,0.6037433369927045,0.09090909090909091,1.3221793455166666,87.5,83.33333333333334,77.77777777777779,0.0,0.0
SJ Srivastava,0.0,0.0,0.0,100.0,0.0,100.0,0.0,0.0
SK Raina,0.9356511460120812,0.2772324634905435,1.920972688170847,163.9506172839506,133.2191780821918,134.93694535263896,125.0598086124402,9.7294709121379
SK Rasheed,1.035219533542595,0.23134328358208955,1.7427171406949653,0.0,128.125,123.40425531914893,66.66666666666666,8.358208955223882
SK Trivedi,0.6416644536438003,0.07377049180327869,1.5126281239492039,71.42857142857143,67.74193548387096,66.66666666666666,76.92307692307693,3.606557377049181
SK Warne,0.5917034625010142,0.1324200913242009,1.6645252438230318,100.0,100.87719298245614,90.0,92.20779220779221,5.296803652968037
SL Malinga,0.5511362413279284,0.14563106796116504,1.500137853483098,86.95652173913044,90.9090909090909,84.52380952380952,89.47368421052632,7.184466019417475
SM Curran,0.7899277544670646,0.25821287779237845,1.927158894830042,168.13725490196077,126.82926829268293,132.7830188679245,126.6891891891892,9.855453350854141
SM Harwood,0.0,0.0,1.4315602842833157,64.28571428571429,42.857142857142854,61.53846153846154,100.0,0.0
SM Katich,0.8244757110837303,0.2801047120418848,1.950073347340845,130.76923076923077,129.21348314606743,140.79999999999998,80.0,9.633507853403142
SM Pollock,1.0468299496907238,0.29310344827586204,1.7618525290383327,194.5945945945946,97.5,146.15384615384613,60.60606060606061,11.03448275862069
SMSM Senanayake,0.0,0.0,1.2639334294856335,56.25,75.0,83.33333333333334,50.0,0.0
SN Khan,0.7886791673133328,0.4276315789473684,1.8701738495008478,168.53146853146853,95.53072625698324,134.40860215053763,108.77192982456141,8.596491228070176
SN Thakur,0.5507171695124082,0.25925925925925924,1.9608874783701373,138.23529411764704,130.9090909090909,147.58620689655174,91.66666666666666,10.2880658436214
SO Hetmyer,0.8809070498027676,0.2765444015444015,1.9892005076117747,176.83741648106903,153.37301587301587,156.05095541401275,122.04968944099379,12.606177606177607
SP Fleming,0.9214579770924431,0.23391812865497075,1.8486905351977356,0.0,135.23809523809524,105.35714285714286,141.66666666666669,8.070175438596491
SP Goswami,0.7035133376853777,0.13517915309446255,1.706197371432639,73.33333333333333,83.33333333333334,101.96078431372548,84.6938775510204,5.14657980456026
SP Jackson,0.9475042189341939,0.11403508771929824,1.720080103101624,95.0,118.18181818181819,117.14285714285715,100.0,5.263157894736842
SP Narine,0.5820823342027125,0.5096153846153846,1.9290893004912237,91.17647058823529,160.1923076923077,144.4733420026008,183.66666666666666,16.74825174825175
SPD Smith,1.005792702950849,0.19484742371185593,1.880578269682054,167.37160120845923,117.7405119152692,130.8139534883721,116.53084982537835,7.523761880940471
SR Tendulkar,1.0137142014568221,0.22822896281800392,1.809451801399125,162.96296296296296,111.71079429735234,114.75256769374415,115.21126760563381,7.2113502935420755
SR Watson,0.8482740475113516,0.3483748271092669,1.924864841469857,180.98159509202455,137.53180661577608,134.90976975731178,133.52272727272728,11.784232365145227
SS Cottrell,0.0,0.0,0.0,0.0,0.0,0.0,0.0,0.0
SS Iyer,0.9253769121618339,0.23631669535283994,1.8894833959877935,187.9120879120879,128.62481315396113,129.1238670694864,127.27272727272727,9.569707401032703
SS Prabhudessai,0.8803752171135373,0.16371681415929204,1.9450363848355163,104.54545454545455,132.8358208955224,119.14893617021276,107.84313725490196,7.433628318584071
SS Shaikh,0.0,0.14285714285714285,0.0,0.0,85.71428571428571,0.0,85.71428571428571,0.0
SS Tiwary,0.9092023666354292,0.15491866769945778,1.8319635893010568,146.92307692307693,104.4776119402985,111.68091168091168,121.81069958847736,7.3121611154144075
ST Jayasuriya,0.8621663842213624,0.37085514834205935,1.9228222165292743,0.0,141.77777777777777,130.35714285714286,140.56603773584905,12.67015706806283
STR Binny,0.806314108456589,0.21,1.971455430770858,157.00934579439252,122.07446808510637,131.95876288659792,121.66064981949458,8.771428571428572
SV Samson,0.8924751233565641,0.3001438848920863,1.9497796608666194,182.94314381270902,132.6086956521739,137.75185577942736,133.13696612665683,10.664748201438849
SW Billings,0.848747428399899,0.21553884711779447,1.9343316871431397,161.70212765957444,134.8314606741573,134.5,120.87912087912088,9.022556390977442
SW Tait,0.6332781105709939,0.09615384615384616,1.3866141742624585,83.33333333333334,91.66666666666666,85.71428571428571,91.66666666666666,5.384615384615385
SZ Mulani,0.0,0.0,0.0,100.0,100.0,100.0,0.0,0.0
Sachin Baby,0.8250061176767725,0.23170731707317074,1.9004258441680317,160.37735849056605,118.6046511627907,130.0,82.75862068965517,7.642276422764229
Salman Butt,0.9605495554007931,0.28488372093023256,1.7135749450748412,200.0,110.71428571428572,104.41176470588236,141.66666666666669,8.13953488372093
Sameer Rizvi,0.8279930189837114,0.2976190476190476,1.906493269382501,225.9259259259259,154.66666666666666,153.52112676056336,121.15384615384615,11.904761904761903
Sandeep Sharma,0.5022899404601444,0.05063291139240506,1.4284659429172137,75.0,87.09677419354838,67.74193548387096,107.6923076923077,0.0
Sanvir Singh,0.966796635133508,0.1590909090909091,1.7749475265481327,120.0,130.0,112.5,116.66666666666667,8.181818181818182
Saurav Chauhan,0.0,0.15625,1.8024212838293647,123.07692307692308,0.0,91.66666666666666,175.0,8.75
Sediqullah Atal,0.0,0.1875,1.811278124459133,0.0,137.5,190.0,50.0,7.5
Shahbaz Ahmed,0.8040090648831593,0.16105263157894736,1.8511969506681618,148.63013698630135,110.12658227848102,128.82562277580072,94.28571428571428,7.705263157894738
Shahid Afridi,0.5864197530864197,0.7065217391304348,1.9448799698585066,220.00000000000003,234.7826086956522,161.29032258064515,125.0,19.130434782608695
Shakib Al Hasan,0.7835853026768645,0.20977443609022556,1.8240305257648648,136.318407960199,122.50922509225093,123.98921832884098,112.890625,7.548872180451129
Shashank Singh,0.8805891182064497,0.3196078431372549,1.9929546925534751,198.8950276243094,153.1986531986532,160.93189964157705,141.52046783625732,12.823529411764707
Shivam Mavi,0.5369596987080806,0.22413793103448276,1.6469162398962058,100.0,92.85714285714286,102.38095238095238,50.0,6.206896551724138
Shivam Sharma,0.0,0.3333333333333333,0.0,166.66666666666669,0.0,166.66666666666669,0.0,0.0
Shivam Singh,0.0,0.0,0.0,66.66666666666666,0.0,66.66666666666666,0.0,0.0
Shoaib Ahmed,0.0,0.0,0.0,0.0,33.33333333333333,0.0,50.0,0.0
Shoaib Akhtar,0.0,0.0,0.0,0.0,0.0,33.33333333333333,0.0,0.0
Shoaib Malik,0.7877408655367063,0.10204081632653061,1.6626947320387884,50.0,109.09090909090908,108.33333333333333,66.66666666666666,0.0
Shubman Gill,0.9323305336859785,0.2343913498430415,1.9406192684980166,148.34123222748815,129.31034482758622,131.2004875076173,140.86021505376345,9.340774328566447
Sikandar Raza,0.944418650110444,0.22377622377622378,2.0454018880580733,113.33333333333333,131.858407079646,116.45569620253164,150.0,8.951048951048952
Simarjeet Singh,0.7277906196816843,0.0,1.4294732983598406,72.72727272727273,66.66666666666666,72.72727272727273,66.66666666666666,0.0
Sohail Tanvir,1.0683984125406962,0.1935483870967742,1.7893058518068687,100.0,129.41176470588235,114.81481481481481,125.0,7.096774193548387
Sumit Kumar,0.0,0.1346153846153846,1.2115696121630872,25.0,100.0,16.666666666666664,100.0,6.923076923076923
Sunny Gupta,0.0,0.0,0.0,0.0,0.0,0.0,0.0,0.0
Sunny Singh,0.8808103409209889,0.3064516129032258,1.8386133162581304,77.77777777777779,130.0,66.66666666666666,171.42857142857142,10.967741935483872
Suryansh Shedge,0.0,0.0,1.3250112108241772,20.0,37.5,33.33333333333333,0.0,0.0
Swapnil Singh,0.6675252688288859,0.20652173913043478,1.7575769737975202,130.0,121.42857142857142,112.5,109.09090909090908,9.130434782608695
T Banton,0.0,0.11363636363636363,1.5678183759027002,0.0,57.14285714285714,81.81818181818183,0.0,6.363636363636364
T Henderson,0.0,0.09375,1.3244602933016414,0.0,73.33333333333333,90.0,0.0,3.75
T Kohler-Cadmore,0.0,0.17592592592592593,1.511627494721134,0.0,96.7741935483871,105.12820512820514,55.55555555555556,7.037037037037037
T Kohli,0.0,0.075,1.0762976257251988,66.66666666666666,0.0,55.55555555555556,50.0,3.0
T Natarajan,0.0,0.0,0.0,60.0,60.0,60.0,0.0,0.0
T Shamsi,0.0,0.0,0.0,50.0,50.0,50.0,0.0,0.0
T Stubbs,0.9057530614316534,0.4671945701357466,1.966765330519449,240.25974025974025,161.02564102564102,166.5158371040724,147.4025974025974,13.21266968325792
T Taibu,0.0,0.11538461538461539,1.8764713334271728,180.0,0.0,112.5,60.0,0.0
T Thushara,0.0,0.0,1.432983121056005,63.1578947368421,50.0,41.66666666666667,0.0,0.0
TA Boult,0.44221793112242724,0.13372093023255813,1.7907714332628517,100.0,38.46153846153847,96.07843137254902,109.375,5.813953488372093
TD Paine,0.0,0.0,0.9293636260137187,0.0,40.0,33.33333333333333,50.0,0.0
TG Southee,0.49370818040587605,0.16203703703703703,1.9042467765881874,131.64556962025316,92.85714285714286,125.0,28.57142857142857,6.666666666666667
TH David,0.9120990860931149,0.46564885496183206,2.0702068097858977,185.25641025641028,178.3673469387755,175.79787234042556,114.15929203539822,15.572519083969466
TK Curran,0.6409283363599115,0.17592592592592593,1.8489304020415476,131.8181818181818,128.16901408450704,98.33333333333333,158.33333333333331,6.481481481481481
TL Seifert,0.0,0.19230769230769232,1.6922474331963002,40.0,114.28571428571428,113.04347826086956,0.0,0.0
TL Suman,0.847002015557672,0.17120954003407154,1.8869542814107276,124.67532467532467,106.55737704918033,112.7946127946128,111.87214611872147,8.177172061328791
TM Dilshan,0.8164084028517217,0.2239732569245463,1.7888694377961794,172.3404255319149,112.18568665377175,111.68,104.26829268292683,7.640878701050621
TM Head,0.8441665249042223,0.7457507082152974,2.026753397419164,184.31372549019608,156.9832402234637,169.39655172413794,144.44444444444443,14.929178470254955
TM Srivastava,0.0,0.0,1.3485878960124222,100.0,70.0,75.0,83.33333333333334,0.0
TR Birt,1.1064894340105127,0.22033898305084745,1.933076583093211,182.14285714285714,90.32258064516128,163.33333333333334,82.6086956521739,9.491525423728813
TS Mills,0.3622460021956228,0.10714285714285714,0.9463729359854419,66.66666666666666,72.72727272727273,18.181818181818183,0.0,4.285714285714285
TU Deshpande,0.3908750578329747,0.14583333333333334,1.9193721485946107,116.66666666666667,147.05882352941177,131.57894736842107,60.0,7.5
Tanush Kotian,0.0,0.09375,1.4677244225937902,0.0,75.0,85.71428571428571,54.54545454545454,0.0
Tilak Varma,1.1077786570324324,0.25849403122130393,1.9407820612156321,160.3896103896104,140.22988505747128,136.20071684587813,139.03508771929825,10.945821854912763
U Kaul,0.0,0.0,0.0,0.0,0.0,0.0,0.0,0.0
UA Birla,0.0,0.06666666666666667,1.0529815751302694,0.0,46.666666666666664,33.33333333333333,66.66666666666666,0.0
UBT Chand,0.768988795837422,0.16401273885350318,1.6858337249088242,87.5,100.0,89.01734104046243,111.7117117117117,6.942675159235669
UT Khawaja,1.3676977318461183,0.20476190476190476,1.8921668378723768,0.0,109.75609756097562,121.21212121212122,125.0,8.190476190476192
UT Yadav,0.5107659877044081,0.16113744075829384,1.7118196373721084,107.60233918128654,112.5,103.59281437125749,56.75675675675676,7.298578199052133
Umar Gul,0.0,0.6052631578947368,1.7627022003449737,150.0,200.0,221.42857142857144,50.0,28.421052631578945
Umran Malik,0.39430523865741135,0.34375,1.9528195311147831,143.75,153.33333333333334,164.28571428571428,0.0,15.000000000000002
Urvil Patel,0.0,0.6029411764705882,2.035861169850964,0.0,258.33333333333337,158.8235294117647,309.09090909090907,23.52941176470588
V Kohli,0.96901242497423,0.22560429722470904,1.9094380877015964,191.29692832764505,131.27694859038144,132.74965800273597,123.56101304681503,8.976424947776783
V Nigam,0.9363780047717558,0.4451219512195122,1.9744038273019382,172.72727272727272,198.21428571428572,151.72413793103448,190.47619047619045,17.560975609756095
V Pratap Singh,0.0,0.0,0.0,0.0,0.0,0.0,0.0,0.0
V Sehwag,0.7957088077583235,0.4885433715220949,1.969810093866118,220.00000000000003,157.5055187637969,142.78688524590163,161.29753914988814,13.071467539552645
V Shankar,0.889171686045217,0.20304568527918782,1.8823282809515929,167.2,119.9013157894737,130.03533568904592,112.33243967828419,8.446700507614214
V Suryavanshi,0.9082327517608166,1.9069767441860466,1.9672153629029525,0.0,195.3488372093023,209.0909090909091,189.1304347826087,24.18604651162791
V Viyaskanth,0.0,0.0,0.0,140.0,0.0,166.66666666666669,0.0,0.0
VG Arora,0.6391749987955504,0.0,1.0783220795483648,50.0,11.11111111111111,33.33333333333333,100.0,0.0
VH Zol,0.0,0.17307692307692307,1.8345901684333654,0.0,0.0,117.64705882352942,100.0,8.461538461538462
VR Aaron,0.5064659494441174,0.08904109589041095,1.485209763507267,72.05882352941177,69.44444444444444,64.40677966101694,66.66666666666666,3.8356164383561637
VR Iyer,0.8792140911877785,0.2750677506775068,1.940097964857136,175.40983606557376,132.3873121869783,138.4496124031008,118.6046511627907,10.78590785907859
VRV Singh,0.0,0.3333333333333333,0.0,133.33333333333331,0.0,133.33333333333331,0.0,0.0
VS Malik,0.0,0.14285714285714285,0.0,100.0,50.0,50.0,166.66666666666669,0.0
VS Yeligati,0.0,0.0,0.0,100.0,100.0,100.0,0.0,0.0
VVS Laxman,0.673559831917613,0.15313653136531366,1.6998286336183055,50.0,108.0,102.38095238095238,104.93827160493827,6.715867158671586
VY Mahesh,0.8847003970515072,0.0,1.2838868242312453,66.66666666666666,40.909090909090914,56.52173913043478,40.0,0.0
Vijaykumar Vyshak,0.0,0.11538461538461539,1.6143308351592656,107.6923076923077,127.27272727272727,114.28571428571428,0.0,4.615384615384616
Virat Singh,0.0,0.038461538461538464,1.1867198445327563,0.0,57.692307692307686,72.72727272727273,46.666666666666664,0.0
Vishnu Vinod,0.7894439245300171,0.15517241379310345,1.5833113816784627,128.57142857142858,58.333333333333336,88.63636363636364,121.42857142857142,7.241379310344828
Vivrant Sharma,0.0,0.2857142857142857,1.8126976442300946,0.0,0.0,123.33333333333334,168.42105263157893,11.428571428571429
W Jaffer,0.7500636278438844,0.17054263565891473,1.761403506550089,0.0,100.0,90.81632653061224,50.0,6.666666666666668
WA Mota,0.706332162013665,0.02631578947368421,1.3784032810258218,92.85714285714286,57.14285714285714,88.57142857142857,60.97560975609756,0.0
WD Parnell,0.7183740215489067,0.06395348837209303,1.549473698127028,78.84615384615384,45.16129032258064,68.75,84.21052631578947,3.0232558139534884
WG Jacks,0.8678103936698763,0.45098039215686275,1.9297145721498887,100.0,156.2130177514793,178.6764705882353,128.46715328467153,14.444444444444443
WP Saha,0.8349017458094958,0.24767736486486486,1.90083790557,152.0689655172414,121.88715953307394,126.62068965517241,117.47815230961298,8.673986486486488
WPUJC Vaas,0.7396185236400034,0.10273972602739725,1.788280158012751,112.24489795918366,126.66666666666666,81.08108108108108,104.16666666666667,5.205479452054794
Washington Sundar,0.7141361409598366,0.1807511737089202,1.8981030848130833,146.62576687116564,136.48068669527896,133.33333333333331,90.5511811023622,7.699530516431925
X Thalaivan Sargunam,0.0,0.0,1.3792804872910602,0.0,0.0,64.28571428571429,33.33333333333333,0.0
XC Bartlett,0.0,0.06666666666666667,1.2866926683547546,0.0,0.0,100.0,66.66666666666666,0.0
Y Gnaneswara Rao,0.0,0.2222222222222222,1.6758220575766962,0.0,105.55555555555556,83.33333333333334,116.66666666666667,0.0
Y Nagar,0.9022056899069422,0.14391143911439114,1.8074669340096248,136.69724770642202,126.66666666666666,112.4223602484472,98.93617021276596,6.2730627306273075
Y Prithvi Raj,0.0,0.0,0.0,0.0,0.0,0.0,0.0,0.0
Y Venugopal Rao,0.8898506030587263,0.1971098265895954,1.8312800830327032,150.2415458937198,119.280205655527,111.15702479338843,113.95348837209302,7.838150289017341
YA Abdulla,0.0,0.0,0.0,0.0,0.0,0.0,0.0,0.0
YBK Jaiswal,0.9434371844100272,0.4546079779917469,1.9600155010618212,208.33333333333334,151.45631067961165,150.60773480662982,142.3728813559322,13.452544704264099
YK Pathan,0.8436311214234585,0.36375321336760924,1.9621817339520837,159.77653631284915,145.32095901005414,133.26286116983792,147.79614325068871,11.405312767780634
YS Chahal,0.6225029685478454,0.0,1.1742103284139633,50.0,41.7910447761194,44.26229508196721,29.166666666666668,0.0
YV Dhull,0.0,0.043478260869565216,1.208830175294948,0.0,73.68421052631578,28.57142857142857,87.5,0.0
YV Takawale,0.9416808328579703,0.25956284153005466,1.755966934735957,223.0769230769231,106.55737704918033,109.75609756097562,93.33333333333333,7.322404371584701
Yash Dayal,0.0,0.0,0.0,50.0,50.0,66.66666666666666,33.33333333333333,0.0
Yashpal Singh,0.0,0.07462686567164178,1.496255027654612,110.00000000000001,73.91304347826086,62.0,94.11764705882352,0.0
Younis Khan,0.0,0.0,0.0,0.0,42.857142857142854,42.857142857142854,0.0,0.0
Yudhvir Singh,0.0,0.34375,1.875,33.33333333333333,150.0,166.66666666666669,50.0,15.000000000000002
Yuvraj Singh,0.911794543703377,0.28590847304032624,1.8816227774432859,165.1098901098901,115.45623836126629,128.2208588957055,121.85792349726776,10.702310829179881
Z Khan,0.4622690151344947,0.11702127659574468,1.6057183215845756,103.0612244897959,65.88235294117646,82.02247191011236,46.34146341463415,4.539007092198581
